Phenotype	phe_type	Population	delta_R_or_AUC	Genotype_and_covariates	Covariates_only	Genotype_only	Relative_to_WB_delta_R_or_AUC	Relative_to_WB_Genotype_and_covariates	Relative_to_WB_Covariates_only	Relative_to_WB_Genotype_only
Microalbumin	bin	African	0.00598379999999998	0.5641124	0.5581286	0.5295069	60.9640051755932	90.5210018228966	90.9939812709713	97.9272610592096
Microalbumin	bin	East Asian	0.00764269999999989	0.5772776	0.5696349	0.5351348	77.8651696840638	92.6335721071144	92.8699002736853	98.9680875952097
Microalbumin	bin	Non-British White	0.00966110000000009	0.6217928	0.6121317	0.5436657	98.4289833219577	99.7767593519731	99.7983268464791	100.54579634909
Microalbumin	bin	South Asian	0.011958	0.586196	0.574238	0.5554725	121.830203865394	94.0646743176975	93.6203624345357	102.729351626413
Microalbumin	bin	White British	0.00981529999999997	0.623184	0.6133687	0.5407145	100	100	100	100
Oestradiol	bin	African	0.000217000000000023	0.8449742	0.8447572	0.5151281	14.3083212448916	97.5545164559868	97.7005324648093	100.240673465381
Oestradiol	bin	East Asian	-0.000380599999999953	0.8667167	0.8670973	0.5186131	-25.0956085981774	100.064745850025	100.284280392992	100.918832445694
Oestradiol	bin	Non-British White	0.0015423	0.8699385	0.8683962	0.520631	101.694579981539	100.436711220232	100.434504885448	101.311503035759
Oestradiol	bin	South Asian	-4.61999999999962e-05	0.857782	0.8578282	0.5074352	-3.04628774891183	99.0332109958496	99.2122611128132	98.7436837323379
Oestradiol	bin	White British	0.00151659999999998	0.8661559	0.8646393	0.5138913	100	100	100	100
RheumatoidFactor	bin	African	-0.0110127	0.5637643	0.574777	0.5035658	-24.6438041958042	93.3328664738968	102.758261528095	86.0473819040797
RheumatoidFactor	bin	East Asian	0.00539809999999996	0.5688757	0.5634776	0.5202759	12.0796643356643	94.179074035629	100.738162080291	88.9027393496317
RheumatoidFactor	bin	Non-British White	0.0357714	0.5888938	0.5531224	0.5839826	80.0478881118882	97.4931303786098	98.886866099805	99.788694560944
RheumatoidFactor	bin	South Asian	0.013472	0.5713259	0.5578539	0.5449688	30.147132867133	94.5847119758717	99.7327606196278	93.1221668735407
RheumatoidFactor	bin	White British	0.0446875	0.6040362	0.5593487	0.5852192	100	100	100	100
UACR	bin	African	0.00148809999999999	0.5789572	0.5774691	0.5073624	33.8219919087233	95.3611994196208	95.8104295440424	95.7436040080179
UACR	bin	East Asian	0.00361119999999993	0.5211429	0.5175317	0.5115381	82.0764580208183	85.8384903288525	85.8659527923806	96.5315941453561
UACR	bin	Non-British White	0.00462470000000004	0.6090636	0.6044389	0.53768	105.111595981637	100.320084833269	100.285107276092	101.464793218873
UACR	bin	South Asian	0.000659700000000041	0.5656987	0.565039	0.5158856	14.9938633574264	93.1773653425853	93.7480971694177	97.3520044052115
UACR	bin	White British	0.00439979999999995	0.6071203	0.6027205	0.5299178	100	100	100	100
Alanine aminotransferase 	qt	African	0.00106430000000002	0.3311427	0.3300784	0.05760974	2.64816459774924	96.6470060657074	109.138112888134	35.8911013839412
Alanine aminotransferase 	qt	East Asian	0.0256993	0.3333743	0.307675	0.1372413	63.9443544554506	97.2983188041015	101.730585469563	85.5018858332617
Alanine aminotransferase 	qt	Non-British White	0.0345968	0.3346798	0.300083	0.1460336	86.0828910602363	97.6793408420894	99.2203438025929	90.9795243488673
Alanine aminotransferase 	qt	South Asian	0.0379315	0.3300513	0.2921198	0.1575524	94.3802080611892	96.3284710582314	96.5873674534868	98.1557834089037
Alanine aminotransferase 	qt	White British	0.0401901	0.3426311	0.302441	0.1605126	100	100	100	100
Albumin 	qt	African	0.0256036	0.2855742	0.2599706	0.1183656	28.2626645296032	78.322571691786	94.8724059042126	49.0678543654064
Albumin 	qt	East Asian	0.0778406	0.259496	0.1816554	0.1916727	85.9247435744595	71.1702740084073	66.2924378506342	79.4569379061504
Albumin 	qt	Non-British White	0.0861798	0.3615223	0.2753425	0.2385672	95.1300120540978	99.1523613125043	100.482152299839	98.8968131447209
Albumin 	qt	South Asian	0.067566	0.3583035	0.2907375	0.2073177	74.583073927384	98.2695620478595	106.100328697076	85.9424926749919
Albumin 	qt	White British	0.0905916	0.3646129	0.2740213	0.2412284	100	100	100	100
Alkaline phosphatase	qt	African	0.071659	0.2495393	0.1778803	0.1737178	35.5187112763321	59.0280335453514	80.4898797314535	48.0916199595485
Alkaline phosphatase	qt	East Asian	0.1273922	0.4202433	0.2928511	0.3024881	63.1435935563817	99.4077310051329	132.513548820324	83.7400816006529
Alkaline phosphatase	qt	Non-British White	0.1788909	0.4523634	0.2734725	0.3654183	88.6695910780669	107.005677862722	123.744836470705	101.161527545619
Alkaline phosphatase	qt	South Asian	0.2263449	0.4258811	0.1995362	0.3841749	112.190780669145	100.741341572775	90.2890580917125	106.354059795816
Alkaline phosphatase	qt	White British	0.20175	0.4227471	0.2209971	0.3612226	100	100	100	100
Apolipoprotein A 	qt	African	0.0544182	0.3432708	0.2888526	0.1832639	42.3352530824771	63.4468604440327	70.0256196672159	52.5545299715897
Apolipoprotein A 	qt	East Asian	0.0814081	0.4885335	0.4071254	0.2836224	63.3323505089034	90.2958154225028	98.6981194466074	81.3343049090094
Apolipoprotein A 	qt	Non-British White	0.1189411	0.5479187	0.4289776	0.3430232	92.5315716140596	101.272002435325	103.995678984212	98.3686533209793
Apolipoprotein A 	qt	South Asian	0.1014415	0.5229377	0.4214962	0.3189302	78.9175602200385	96.654755583124	102.181986910891	91.4595114190253
Apolipoprotein A 	qt	White British	0.1285411	0.5410367	0.4124956	0.3487119	100	100	100	100
Apolipoprotein B 	qt	African	0.1646172	0.3612458	0.1966286	0.3047349	56.7109696355857	67.7025797184889	80.8161490417733	64.323650007124
Apolipoprotein B 	qt	East Asian	0.1928659	0.4111496	0.2182837	0.3357049	66.4427058572246	77.0552586915193	89.7165927672258	70.8608186764186
Apolipoprotein B 	qt	Non-British White	0.2560849	0.5179621	0.2618772	0.444461	88.2217835562262	97.0734341171743	107.63391910354	93.8171302526108
Apolipoprotein B 	qt	South Asian	0.1936806	0.3908028	0.1971222	0.3358147	66.7233717108663	73.2419801730807	81.0190231463899	70.883995335117
Apolipoprotein B 	qt	White British	0.290274	0.5335776	0.2433036	0.4737525	100	100	100	100
Aspartate aminotransferase 	qt	African	0.00834409999999999	0.1796916	0.1713475	0.05385356	18.8189576623634	74.7162148002402	87.3508870309951	38.4774098591398
Aspartate aminotransferase 	qt	East Asian	0.0242438	0.1611622	0.1369184	0.09277185	54.6785208440463	67.0116441329437	69.7993474714519	66.2838351975365
Aspartate aminotransferase 	qt	Non-British White	0.0434059	0.244626	0.2012201	0.1362915	97.8959737295551	101.716100038753	102.579577895595	97.3778503374142
Aspartate aminotransferase 	qt	South Asian	0.0422749	0.1916245	0.1493496	0.1275357	95.345160446381	79.6779443390154	76.1366231647635	91.121987117886
Aspartate aminotransferase 	qt	White British	0.0443388	0.2404988	0.19616	0.1399615	100	100	100	100
C-reactive protein 	qt	African	0.03501929	0.1031572	0.06813791	0.07760345	47.7068245846344	57.6170384842666	64.5036455996259	53.2632225562465
C-reactive protein 	qt	East Asian	0.0562289	0.1576894	0.1014605	0.1306273	76.6007040373162	88.0752504755936	96.0489121894235	89.6562066740793
C-reactive protein 	qt	Non-British White	0.0722376	0.1742263	0.1019887	0.1444725	98.4093769923657	97.3117090428141	96.5489396426536	99.1588765803237
C-reactive protein 	qt	South Asian	0.08813181	0.1766477	0.08851589	0.1860043	120.062080070622	98.6641487851278	83.7947274651581	127.664278164422
C-reactive protein 	qt	White British	0.0734052	0.1790394	0.1056342	0.145698	100	100	100	100
Calcium 	qt	African	0.0230006	0.2067974	0.1837968	0.1056126	22.7384259488102	63.6907007635897	82.2220562045406	44.4913176452746
Calcium 	qt	East Asian	0.0772956	0.2856742	0.2083786	0.1972017	76.4145403497672	87.9836496400722	93.2187990270966	83.0749690367262
Calcium 	qt	Non-British White	0.1034988	0.3178142	0.2143154	0.2332156	102.319061224086	97.8823191714192	95.874644522095	98.2465097860796
Calcium 	qt	South Asian	0.071806	0.2801159	0.2083099	0.1953192	70.9875139639951	86.2717711442388	93.188065873629	82.2819300861916
Calcium 	qt	White British	0.101153	0.3246901	0.2235371	0.237378	100	100	100	100
Cholesterol 	qt	African	0.1204831	0.3450357	0.2245526	0.2699405	56.5297766033366	68.7538234130171	77.7778816882402	65.9240275466876
Cholesterol 	qt	East Asian	0.1495454	0.4078369	0.2582915	0.2936529	70.1655921374584	81.2679563416548	89.4639640248124	71.7149959667582
Cholesterol 	qt	Non-British White	0.1965133	0.4976516	0.3011383	0.3971983	92.2025823421249	99.1649566337785	104.304733364022	97.0025308195601
Cholesterol 	qt	South Asian	0.1498385	0.336899	0.1870605	0.2862946	70.3031124828217	67.1324571747852	64.7918101929929	69.9179748754555
Cholesterol 	qt	White British	0.2131321	0.5018422	0.2887101	0.4094721	100	100	100	100
Creatinine 	qt	African	-0.00289529999999999	0.3881404	0.3910357	0.04254923	-8.70688358945055	72.0003858418308	77.3060605581344	22.5320737031908
Creatinine 	qt	East Asian	0.000341900000000006	0.5379751	0.5376332	0.1060488	1.02817790876013	99.794854576585	106.287749986161	56.1584634489259
Creatinine 	qt	Non-British White	0.030533	0.5073654	0.4768324	0.1757078	91.8202868914083	94.1167282838757	94.2676957384724	93.0465980189421
Creatinine 	qt	South Asian	0.0156916	0.4101404	0.3944488	0.1189978	47.1885243436684	76.0814052062677	77.9808156132124	63.0156456442939
Creatinine 	qt	White British	0.033253	0.539081	0.505828	0.1888385	100	100	100	100
Creatinine in urine	qt	African	0.00163140000000001	0.2974795	0.2958481	0.0388051	54.2660413132421	83.0256984337902	83.2690481457776	71.6493204548912
Creatinine in urine	qt	East Asian	5.37999999999927e-05	0.3661162	0.3660624	0.03969647	1.78957522535983	102.182009896229	103.031480039787	73.2951364629385
Creatinine in urine	qt	Non-British White	0.00434400000000001	0.3743884	0.3700444	0.060457	144.496557229817	104.490757835445	104.152248940167	111.627156398034
Creatinine in urine	qt	South Asian	-0.000939099999999971	0.3477116	0.3486507	0.02991264	-31.2377340917395	97.0453373880576	98.130804032066	55.230377682619
Creatinine in urine	qt	White British	0.00300630000000002	0.3582981	0.3552918	0.05415976	100	100	100	100
Cystatin C 	qt	African	0.0122456	0.29775	0.2855044	0.09756983	12.7503081997801	64.0612027068575	77.4252789775573	34.0392961455323
Cystatin C 	qt	East Asian	0.0172422	0.4811885	0.4639463	0.1706965	17.9528454336455	103.528174773161	125.816525798221	59.5510796165767
Cystatin C 	qt	Non-British White	0.089936	0.4468511	0.3569151	0.2702431	93.6427548062506	96.1404496956582	96.7909818160518	94.2800137315674
Cystatin C 	qt	South Asian	0.0380338	0.368378	0.3303442	0.1708535	39.6013810682038	79.256885745581	89.5852807999386	59.6058523828595
Cystatin C 	qt	White British	0.0960416	0.4647899	0.3687483	0.2866388	100	100	100	100
Direct bilirubin 	qt	African	0.2323068	0.4444637	0.2121569	0.3763742	77.6549233886239	82.9806507670596	89.7180875762146	80.7989511731786
Direct bilirubin 	qt	East Asian	0.1297876	0.3466761	0.2168885	0.2679021	43.3850672248654	64.7238647011809	91.7190128498004	57.5124668404264
Direct bilirubin 	qt	Non-British White	0.3029208	0.5383595	0.2354387	0.4724543	101.259590837723	100.510844095094	99.5636243998197	101.425155914668
Direct bilirubin 	qt	South Asian	0.2391918	0.4479028	0.208711	0.3862235	79.956423592366	83.6227251503062	88.2608662556783	82.9133711036361
Direct bilirubin 	qt	White British	0.2991527	0.5356233	0.2364706	0.4658157	100	100	100	100
eGFR 	qt	African	0.0173947	0.380055	0.3626603	0.1185392	12.0052121256459	63.12505522643	79.3265538562022	29.125861969412
eGFR 	qt	East Asian	0.0120568	0.5326602	0.5206034	0.1796408	8.32118067897045	88.4719436447916	113.874260975966	44.1389274170464
eGFR 	qt	Non-British White	0.0584924	0.5457805	0.4872881	0.247962	40.3694038838342	90.6511536593614	106.587033949226	60.9258961226272
eGFR 	qt	South Asian	0.0409734	0.5171057	0.4761323	0.2223406	28.2784042558331	85.8884263340879	104.146868401718	54.6305494367791
eGFR 	qt	White British	0.1448929	0.6020668	0.4571739	0.4069895	100	100	100	100
Gamma glutamyltransferase 	qt	African	0.0204043	0.2154513	0.195047	0.09120257	28.0968144376176	77.3349763401986	94.6951913717056	48.2097965677918
Gamma glutamyltransferase 	qt	East Asian	0.0563932	0.2466199	0.1902267	0.1644981	77.6536943655727	88.5227619026766	92.3549388634946	86.9539086101222
Gamma glutamyltransferase 	qt	Non-British White	0.0533249	0.2802055	0.2268806	0.1617512	73.428631229913	100.578115392636	110.15038342311	85.5018937141377
Gamma glutamyltransferase 	qt	South Asian	0.0584281	0.2355429	0.1771148	0.1563912	80.455760974038	84.5467379338244	85.9891199596065	82.6685907753788
Gamma glutamyltransferase 	qt	White British	0.0726214	0.2785949	0.2059735	0.1891785	100	100	100	100
Glucose	qt	African	0.00765100000000001	0.128092	0.120441	0.04907054	24.063759054182	66.1016625529014	74.3529054434468	46.0934125751816
Glucose	qt	East Asian	0.022231	0.2300502	0.2078192	0.08064524	69.9204584411868	118.717021286478	128.294860777748	75.7524640964729
Glucose	qt	Non-British White	0.0326276	0.1680815	0.1354539	0.1045032	102.619618993103	86.7381772037715	83.6209514919845	98.1629530269428
Glucose	qt	South Asian	0.019616	0.1799495	0.1603335	0.0849213	61.6958172273997	92.8626387718463	98.9800945269209	79.7690939883843
Glucose	qt	White British	0.0317947	0.1937803	0.1619856	0.1064589	100	100	100	100
Glycated haemoglobin HbA1c 	qt	African	0.000312000000000007	0.2066846	0.2063726	0.06912779	0.298153740300454	64.042772728822	94.6294334777724	29.0087729899673
Glycated haemoglobin HbA1c 	qt	East Asian	0.0625645	0.3838892	0.3213247	0.2232752	59.7879477084209	118.950946459723	147.339202604489	93.695163567207
Glycated haemoglobin HbA1c 	qt	Non-British White	0.1013912	0.3192248	0.2178336	0.2288453	96.8915561331753	98.9141973606338	99.8847238462067	96.0325992993694
Glycated haemoglobin HbA1c 	qt	South Asian	0.060524	0.3065266	0.2460026	0.1966392	57.8380031344368	94.9795648981034	112.801247220121	82.5176374614141
Glycated haemoglobin HbA1c 	qt	White British	0.104644	0.322729	0.218085	0.2382996	100	100	100	100
HDL cholesterol 	qt	African	0.0644634	0.393434	0.3289706	0.2120118	45.58075272862	68.1894678388095	75.5307947514034	56.0031064145082
HDL cholesterol 	qt	East Asian	0.103261	0.5262877	0.4230267	0.3203954	73.0137427983947	91.2154978804857	97.1258308555947	84.6327312013715
HDL cholesterol 	qt	Non-British White	0.1313616	0.577141	0.4457794	0.3693406	92.883102778257	100.029325523362	102.349791640359	97.5616495166699
HDL cholesterol 	qt	South Asian	0.1142586	0.5141602	0.3999016	0.3304297	80.7899210050711	89.113575394846	91.8163679987143	87.2833005125848
HDL cholesterol 	qt	White British	0.1414268	0.5769718	0.435545	0.3785715	100	100	100	100
IGF 1 	qt	African	0.0750925	0.2880998	0.2130073	0.1919899	46.4935069759609	63.7753106364497	73.3925599033319	55.5140656043067
IGF 1 	qt	East Asian	0.0700527	0.4089085	0.3388558	0.2555186	43.3731157723461	90.5181697779197	116.754189176105	73.883450762361
IGF 1 	qt	Non-British White	0.140367	0.4634215	0.3230545	0.3354186	86.9082011345301	102.585458643531	111.309784891367	96.9866131775928
IGF 1 	qt	South Asian	0.1129991	0.4206809	0.3076818	0.2820863	69.963371097344	93.1241711251491	106.013056536865	81.565526958846
IGF 1 	qt	White British	0.1615118	0.4517419	0.2902301	0.3458401	100	100	100	100
LDL direct 	qt	African	0.1396393	0.3412534	0.2016141	0.2837184	57.0635499230921	69.0771326302144	80.869000178493	66.3345555837939
LDL direct 	qt	East Asian	0.1575064	0.3620281	0.2045217	0.289861	64.3649339376989	73.2823851119565	82.0352613919646	67.7707213070216
LDL direct 	qt	Non-British White	0.2292277	0.4897898	0.2605621	0.4124374	93.6738174905316	99.1441403236603	104.513506304413	96.4295993320682
LDL direct 	qt	South Asian	0.159838	0.3451665	0.1853285	0.2930208	65.3177414424678	69.8692294348039	74.3367180151579	68.5094958409739
LDL direct 	qt	White British	0.2447084	0.4940179	0.2493095	0.4277083	100	100	100	100
Lipoprotein A 	qt	African	0.0662409	0.1113656	0.0451247	0.1047918	9.0541377182065	14.8394136647658	239.229054396145	13.9968744991185
Lipoprotein A 	qt	East Asian	0.15601691	0.2000412	0.04402429	0.1963303	21.325172053958	26.655395533236	233.395219628311	26.2235267403964
Lipoprotein A 	qt	Non-British White	0.70800115	0.7235626	0.01556145	0.7222418	96.773140412473	96.4143751190085	82.4991848928167	96.468691563819
Lipoprotein A 	qt	South Asian	0.30018291	0.3721481	0.07196519	0.3660917	41.0305024205889	49.5885587691048	381.524184163859	48.8982876529358
Lipoprotein A 	qt	White British	0.73160915	0.7504717	0.01886255	0.74868	100	100	100	100
Microalbumin in urine	qt	African	-9.99999999473644e-10	0.008426896	0.008426897	0.02157903	-Inf	16.0057831980698	16.0057850974386	119.827780082262
Microalbumin in urine	qt	East Asian	0	0.02776689	0.02776689	0.04418003		52.7395640606757	52.7395640606757	245.330532413539
Microalbumin in urine	qt	Non-British White	0	0.03837178	0.03837178	0.01359767		72.8821610714112	72.8821610714112	75.5075001235537
Microalbumin in urine	qt	South Asian	0	0.0112217	0.0112217	0.002743982		21.3141466696373	21.3141466696373	15.2372591189541
Microalbumin in urine	qt	White British	0	0.05264907	0.05264907	0.01800837		100	100	100
Non albumin protein 	qt	African	0.0698767	0.1766438	0.1067671	0.1396703	20.9099739420933	37.5160667425014	78.1205915580349	30.7140365946394
Non albumin protein 	qt	East Asian	0.21979169	0.2976571	0.07786541	0.2888738	65.7706862314426	63.2171841297539	56.9734673987485	63.5244605648626
Non albumin protein 	qt	Non-British White	0.22906028	0.3236137	0.09455342	0.3099366	68.544228419038	68.7299139170909	69.1839443446092	68.1562513606551
Non albumin protein 	qt	South Asian	0.1718713	0.3197335	0.1478622	0.2772232	51.4309405623576	67.9058270135356	108.189531541762	60.9624487788959
Non albumin protein 	qt	White British	0.3341788	0.4708484	0.1366696	0.4547442	100	100	100	100
Phosphate 	qt	African	0.00824619999999998	0.333101	0.3248548	0.09773565	14.4098332581929	69.900460867401	77.4736591066276	43.433047736706
Phosphate 	qt	East Asian	0.0278904	0.4084535	0.3805631	0.1633909	48.7371169149796	85.7130056436426	90.7593665784264	72.609787313466
Phosphate 	qt	Non-British White	0.0601385	0.4558173	0.3956788	0.2238145	105.08910254394	95.6521875987595	94.3642651021917	99.4616177686134
Phosphate 	qt	South Asian	0.0494196	0.4326105	0.3831909	0.2038608	86.3583463518459	90.7822952380113	91.3860628174859	90.5943313217139
Phosphate 	qt	White British	0.0572262	0.4765362	0.41931	0.225026	100	100	100	100
Potassium in urine	qt	African	0.00284860000000001	0.1394883	0.1366397	0.02995113	113.196900456984	70.3712990168381	69.8206090819112	78.575015189722
Potassium in urine	qt	East Asian	-0.00771060000000001	0.12455	0.1322606	0.006103723	-306.401748460163	62.8349853897938	67.5829619761974	16.0127556936535
Potassium in urine	qt	Non-British White	-0.0002973	0.1975397	0.197837	0.02717433	-11.8140274190344	99.6580021148475	101.091409297137	71.2902448929479
Potassium in urine	qt	South Asian	0.00461780000000001	0.1668056	0.1621878	0.04005095	183.500894098947	84.1527694816202	82.8752623260677	105.071294626039
Potassium in urine	qt	White British	0.00251650000000001	0.1982176	0.1957011	0.03811788	100	100	100	100
SHBG 	qt	African	0.0429175	0.4336679	0.3907504	0.1895345	45.3567401273064	82.4457418574764	90.5810837218715	62.7575031232317
SHBG 	qt	East Asian	0.0529389	0.4745725	0.4216336	0.2122915	55.9477120038553	90.2222226446947	97.7402158041401	70.2926616224779
SHBG 	qt	Non-British White	0.0828244	0.5336597	0.4508353	0.2897916	87.5317711190091	101.45544520574	104.509554063349	95.9540202025821
SHBG 	qt	South Asian	0.0636350000000001	0.471245	0.40761	0.2487907	67.2517308324377	89.5896228926016	94.4893608192648	82.3780532424492
SHBG 	qt	White British	0.0946221	0.526004	0.4313819	0.3020109	100	100	100	100
Sodium in urine	qt	African	0.000674900000000006	0.228028	0.2273531	0.0204374	9.16634975824423	71.2867300415413	72.7502915091792	29.4382258763812
Sodium in urine	qt	East Asian	0.000823399999999974	0.2762015	0.2753781	0.02814678	11.1832455044273	86.3468598925078	88.1177210701939	40.5428903545856
Sodium in urine	qt	Non-British White	0.010629	0.3062693	0.2956403	0.08037451	144.360840984408	95.7467368442114	94.6013843966112	115.772210754962
Sodium in urine	qt	South Asian	0.00509850000000001	0.2430379	0.2379394	0.04596703	69.2467539523008	75.9791655724872	76.1377817655409	66.2113484105801
Sodium in urine	qt	White British	0.0073628	0.3198744	0.3125116	0.0694247	100	100	100	100
Testosterone 	qt	African	0.0015288	0.9014621	0.8999333	0.06635169	27.967217913069	99.59363205903	100.028832669259	68.0877715732431
Testosterone 	qt	East Asian	0.000626299999999969	0.9306048	0.9299785	0.04507323	11.4572662081072	102.813320763643	103.368398260748	46.2525640011317
Testosterone 	qt	Non-British White	0.0046292	0.9102155	0.9055863	0.08457688	84.6846187618911	100.56070865478	100.657171448455	86.7898208141736
Testosterone 	qt	South Asian	0.0057355	0.8887436	0.8830081	0.09982931	104.92280111225	98.1884907787224	98.1475732484848	102.441328255459
Testosterone 	qt	White British	0.00546639999999998	0.9051403	0.8996739	0.09745023	100	100	100	100
Total bilirubin	qt	African	0.2835845	0.5321295	0.248545	0.4674689	84.7673478416175	85.1374915863191	85.563785634221	84.1827017619936
Total bilirubin	qt	East Asian	0.1901238	0.4982415	0.3081177	0.3933398	56.8306458483102	79.7156171837964	106.072207579751	70.8333903592779
Total bilirubin	qt	Non-British White	0.3360024	0.6174533	0.2814509	0.551399	100.4357865695	98.7887819293892	96.8919289229659	99.2969961613736
Total bilirubin	qt	South Asian	0.2910846	0.5905473	0.2994627	0.5100487	87.009231955689	94.4839851672825	103.092648286005	91.8505543281972
Total bilirubin	qt	White British	0.3345445	0.6250237	0.2904792	0.5553028	100	100	100	100
Total protein 	qt	African	0.06492369	0.1468662	0.08194251	0.124068	42.5555543902749	44.5498774672253	46.2678347892518	44.4016418171648
Total protein 	qt	East Asian	0.1234699	0.2692362	0.1457663	0.226817	80.9308596755946	81.6691636315323	82.3051562155042	81.1736079572804
Total protein 	qt	Non-British White	0.1501789	0.3074315	0.1572526	0.2667081	98.4378174934552	93.2551918315124	88.7907548472739	95.4498946217926
Total protein 	qt	South Asian	0.1228961	0.2850446	0.1621485	0.2359408	80.5547507836148	86.4644281849346	91.5551648262299	84.4388471778002
Total protein 	qt	White British	0.1525622	0.3296669	0.1771047	0.2794221	100	100	100	100
Triglycerides 	qt	African	0.011776	0.2673174	0.2555414	0.109526	5.22903910633875	52.4141590192661	89.7247249004585	25.4124482155763
Triglycerides 	qt	East Asian	0.0900345	0.3601341	0.2700996	0.2439148	39.9791033814246	70.6131586857432	94.8363447399282	56.5936145208686
Triglycerides 	qt	Non-British White	0.1212798	0.4274462	0.3061664	0.2962522	53.8533302487213	83.8113534658837	107.49998244419	68.7370459183259
Triglycerides 	qt	South Asian	0.1551255	0.3895288	0.2344033	0.3146415	68.8822440463953	76.3767134716405	82.3027955871716	73.0037691983754
Triglycerides 	qt	White British	0.2252039	0.5100099	0.284806	0.4309935	100	100	100	100
Urate	qt	African	0.041236	0.5253576	0.4841216	0.1956383	49.790987971243	84.9854337057691	90.4299292712973	62.7881197066995
Urate	qt	East Asian	0.0472425999999999	0.5740175	0.5267749	0.2295515	57.0437415930313	92.8569914896088	98.3972145611654	73.6722158230389
Urate	qt	Non-British White	0.0697761	0.6306971	0.560921	0.2905545	84.2521329852617	102.025870722096	104.775424927922	93.2505073256117
Urate	qt	South Asian	0.0713421	0.5556555	0.4843134	0.2699577	86.1430217029589	89.8866289523479	90.465755932273	86.6401741547809
Urate	qt	White British	0.0828182000000001	0.6181737	0.5353555	0.3115849	100	100	100	100
Urea 	qt	African	0.0045076	0.3099197	0.3054121	0.08054193	8.51992000997985	89.933200042947	104.699174918171	43.42273940565
Urea 	qt	East Asian	0.022023	0.3229009	0.3008779	0.1283973	41.6261865249326	93.7001140416296	103.144793153617	69.2231052606892
Urea 	qt	Non-British White	0.0476519	0.3490767	0.3014248	0.1757972	90.0679688356462	101.295866934021	103.332277469932	94.7779126207049
Urea 	qt	South Asian	0.0301439	0.3063283	0.2761844	0.1337546	56.9756892334794	88.891039461886	94.679545457662	72.1113976298675
Urea 	qt	White British	0.0529066	0.344611	0.2917044	0.1854833	100	100	100	100
Vitamin D 	qt	African	-0.00261710000000001	0.1893993	0.1920164	0.03704608	-4.72852236160524	40.8045066956048	46.968951282681	16.9923753267537
Vitamin D 	qt	East Asian	0.0156596	0.2773356	0.261676	0.08548317	28.2934426555321	59.7496524386815	64.0083206218158	39.2096035197433
Vitamin D 	qt	Non-British White	0.0555197	0.4412535	0.3857338	0.2209282	100.311850124035	95.0644030638395	94.3539825779643	101.335820002119
Vitamin D 	qt	South Asian	0.0356026	0.2515137	0.2159111	0.1367207	64.3260441829834	54.186538470239	52.8138114103278	62.7113435304489
Vitamin D 	qt	White British	0.0553471	0.4641627	0.4088156	0.2180159	100	100	100	100
