#CHROM	POS	GBE_Var_ID	PGS_Var_ID	REF	ALT
6	29910247	A_101	HLA-A*0101	N	P
6	29910248	A_102	HLA-A*0102	N	P
6	29910249	A_103	HLA-A*0103	N	P
6	29910250	A_201	HLA-A*0201	N	P
6	29910251	A_202	HLA-A*0202	N	P
6	29910252	A_203	HLA-A*0203	N	P
6	29910253	A_205	HLA-A*0205	N	P
6	29910254	A_206	HLA-A*0206	N	P
6	29910255	A_207	HLA-A*0207	N	P
6	29910256	A_210	HLA-A*0210	N	P
6	29910257	A_211	HLA-A*0211	N	P
6	29910258	A_214	HLA-A*0214	N	.
6	29910259	A_216	HLA-A*0216	N	P
6	29910260	A_220	HLA-A*0220	N	P
6	29910261	A_264	HLA-A*0264	N	.
6	29910262	A_301	HLA-A*0301	N	P
6	29910263	A_302	HLA-A*0302	N	P
6	29910264	A_1101	HLA-A*1101	N	P
6	29910265	A_1102	HLA-A*1102	N	P
6	29910266	A_1103	HLA-A*1103	N	P
6	29910267	A_2301	HLA-A*2301	N	P
6	29910268	A_2402	HLA-A*2402	N	P
6	29910269	A_2403	HLA-A*2403	N	P
6	29910270	A_2404	HLA-A*2404	N	P
6	29910271	A_2407	HLA-A*2407	N	P
6	29910272	A_2410	HLA-A*2410	N	P
6	29910273	A_2501	HLA-A*2501	N	P
6	29910274	A_2601	HLA-A*2601	N	P
6	29910275	A_2603	HLA-A*2603	N	P
6	29910276	A_2608	HLA-A*2608	N	P
6	29910277	A_2901	HLA-A*2901	N	P
6	29910278	A_2902	HLA-A*2902	N	P
6	29910279	A_3001	HLA-A*3001	N	P
6	29910280	A_3002	HLA-A*3002	N	P
6	29910281	A_3004	HLA-A*3004	N	P
6	29910282	A_3101	HLA-A*3101	N	P
6	29910283	A_3103	HLA-A*3103	N	.
6	29910284	A_3104	HLA-A*3104	N	P
6	29910285	A_3201	HLA-A*3201	N	P
6	29910286	A_3301	HLA-A*3301	N	P
6	29910287	A_3303	HLA-A*3303	N	P
6	29910288	A_3401	HLA-A*3401	N	P
6	29910289	A_3402	HLA-A*3402	N	P
6	29910290	A_3601	HLA-A*3601	N	P
6	29910291	A_4027	HLA-A*4027	N	.
6	29910292	A_4386	HLA-A*4386	N	P
6	29910293	A_6601	HLA-A*6601	N	P
6	29910294	A_6602	HLA-A*6602	N	P
6	29910295	A_6801	HLA-A*6801	N	P
6	29910296	A_6802	HLA-A*6802	N	P
6	29910297	A_6817	HLA-A*6817	N	P
6	29910298	A_6901	HLA-A*6901	N	P
6	29910299	A_7401	HLA-A*7401	N	P
6	29910300	A_7403	HLA-A*7403	N	P
6	29910301	A_8001	HLA-A*8001	N	P
6	31321649	B_702	HLA-B*0702	N	P
6	31321650	B_705	HLA-B*0705	N	P
6	31321651	B_801	HLA-B*0801	N	P
6	31321652	B_1301	HLA-B*1301	N	P
6	31321653	B_1302	HLA-B*1302	N	P
6	31321654	B_1401	HLA-B*1401	N	P
6	31321655	B_1402	HLA-B*1402	N	P
6	31321656	B_1501	HLA-B*1501	N	P
6	31321657	B_1502	HLA-B*1502	N	P
6	31321658	B_1503	HLA-B*1503	N	P
6	31321659	B_1504	HLA-B*1504	N	P
6	31321660	B_1505	HLA-B*1505	N	P
6	31321661	B_1506	HLA-B*1506	N	P
6	31321662	B_1507	HLA-B*1507	N	P
6	31321663	B_1508	HLA-B*1508	N	P
6	31321664	B_1509	HLA-B*1509	N	P
6	31321665	B_1510	HLA-B*1510	N	P
6	31321666	B_1511	HLA-B*1511	N	.
6	31321667	B_1512	HLA-B*1512	N	.
6	31321668	B_1513	HLA-B*1513	N	P
6	31321669	B_1515	HLA-B*1515	N	P
6	31321670	B_1516	HLA-B*1516	N	P
6	31321671	B_1517	HLA-B*1517	N	P
6	31321672	B_1518	HLA-B*1518	N	P
6	31321673	B_1520	HLA-B*1520	N	P
6	31321674	B_1521	HLA-B*1521	N	P
6	31321675	B_1524	HLA-B*1524	N	P
6	31321676	B_1525	HLA-B*1525	N	P
6	31321677	B_1526	HLA-B*1526	N	P
6	31321678	B_1527	HLA-B*1527	N	P
6	31321679	B_1529	HLA-B*1529	N	P
6	31321680	B_1530	HLA-B*1530	N	.
6	31321681	B_1531	HLA-B*1531	N	.
6	31321682	B_1537	HLA-B*1537	N	P
6	31321683	B_1801	HLA-B*1801	N	P
6	31321684	B_1802	HLA-B*1802	N	P
6	31321685	B_1803	HLA-B*1803	N	P
6	31321686	B_1804	HLA-B*1804	N	.
6	31321687	B_2702	HLA-B*2702	N	P
6	31321688	B_2703	HLA-B*2703	N	P
6	31321689	B_2704	HLA-B*2704	N	P
6	31321690	B_2705	HLA-B*2705	N	P
6	31321691	B_2706	HLA-B*2706	N	P
6	31321692	B_2707	HLA-B*2707	N	P
6	31321693	B_3501	HLA-B*3501	N	P
6	31321694	B_3502	HLA-B*3502	N	P
6	31321695	B_3503	HLA-B*3503	N	P
6	31321696	B_3504	HLA-B*3504	N	.
6	31321697	B_3505	HLA-B*3505	N	P
6	31321698	B_3508	HLA-B*3508	N	P
6	31321699	B_3509	HLA-B*3509	N	P
6	31321700	B_3510	HLA-B*3510	N	P
6	31321701	B_3512	HLA-B*3512	N	P
6	31321702	B_3517	HLA-B*3517	N	.
6	31321703	B_3519	HLA-B*3519	N	.
6	31321704	B_3520	HLA-B*3520	N	P
6	31321705	B_3521	HLA-B*3521	N	.
6	31321706	B_3522	HLA-B*3522	N	P
6	31321707	B_3541	HLA-B*3541	N	P
6	31321708	B_3543	HLA-B*3543	N	P
6	31321709	B_3701	HLA-B*3701	N	P
6	31321710	B_3801	HLA-B*3801	N	P
6	31321711	B_3802	HLA-B*3802	N	P
6	31321712	B_3901	HLA-B*3901	N	P
6	31321713	B_3902	HLA-B*3902	N	P
6	31321714	B_3903	HLA-B*3903	N	P
6	31321715	B_3905	HLA-B*3905	N	P
6	31321716	B_3906	HLA-B*3906	N	P
6	31321717	B_3908	HLA-B*3908	N	.
6	31321718	B_3909	HLA-B*3909	N	.
6	31321719	B_3910	HLA-B*3910	N	P
6	31321720	B_3911	HLA-B*3911	N	P
6	31321721	B_3915	HLA-B*3915	N	.
6	31321722	B_3924	HLA-B*3924	N	P
6	31321723	B_4001	HLA-B*4001	N	P
6	31321724	B_4002	HLA-B*4002	N	P
6	31321725	B_4004	HLA-B*4004	N	.
6	31321726	B_4006	HLA-B*4006	N	P
6	31321727	B_4009	HLA-B*4009	N	P
6	31321728	B_4010	HLA-B*4010	N	.
6	31321729	B_4012	HLA-B*4012	N	P
6	31321730	B_4101	HLA-B*4101	N	P
6	31321731	B_4102	HLA-B*4102	N	P
6	31321732	B_4104	HLA-B*4104	N	P
6	31321733	B_4201	HLA-B*4201	N	P
6	31321734	B_4402	HLA-B*4402	N	P
6	31321735	B_4403	HLA-B*4403	N	P
6	31321736	B_4404	HLA-B*4404	N	P
6	31321737	B_4405	HLA-B*4405	N	P
6	31321738	B_4407	HLA-B*4407	N	P
6	31321739	B_4501	HLA-B*4501	N	P
6	31321740	B_4601	HLA-B*4601	N	P
6	31321741	B_4701	HLA-B*4701	N	P
6	31321742	B_4801	HLA-B*4801	N	P
6	31321743	B_4802	HLA-B*4802	N	P
6	31321744	B_4803	HLA-B*4803	N	.
6	31321745	B_4901	HLA-B*4901	N	P
6	31321746	B_5001	HLA-B*5001	N	P
6	31321747	B_5002	HLA-B*5002	N	.
6	31321748	B_5101	HLA-B*5101	N	P
6	31321749	B_5102	HLA-B*5102	N	P
6	31321750	B_5105	HLA-B*5105	N	P
6	31321751	B_5106	HLA-B*5106	N	P
6	31321752	B_5107	HLA-B*5107	N	P
6	31321753	B_5108	HLA-B*5108	N	P
6	31321754	B_5123	HLA-B*5123	N	P
6	31321755	B_5201	HLA-B*5201	N	P
6	31321756	B_5301	HLA-B*5301	N	P
6	31321757	B_5401	HLA-B*5401	N	P
6	31321758	B_5501	HLA-B*5501	N	P
6	31321759	B_5502	HLA-B*5502	N	P
6	31321760	B_5601	HLA-B*5601	N	P
6	31321761	B_5603	HLA-B*5603	N	.
6	31321762	B_5604	HLA-B*5604	N	P
6	31321763	B_5701	HLA-B*5701	N	P
6	31321764	B_5702	HLA-B*5702	N	P
6	31321765	B_5703	HLA-B*5703	N	P
6	31321766	B_5801	HLA-B*5801	N	P
6	31321767	B_5802	HLA-B*5802	N	P
6	31321768	B_5901	HLA-B*5901	N	P
6	31321769	B_6701	HLA-B*6701	N	.
6	31321770	B_7020	HLA-B*7020	N	P
6	31321771	B_7301	HLA-B*7301	N	P
6	31321772	B_7801	HLA-B*7801	N	P
6	31321773	B_8101	HLA-B*8101	N	P
6	31321774	B_8201	HLA-B*8201	N	P
6	31321775	B_8202	HLA-B*8202	N	.
6	31236526	C_102	HLA-C*0102	N	P
6	31236527	C_202	HLA-C*0202	N	P
6	31236528	C_210	HLA-C*0210	N	P
6	31236529	C_302	HLA-C*0302	N	P
6	31236530	C_303	HLA-C*0303	N	P
6	31236531	C_304	HLA-C*0304	N	P
6	31236532	C_305	HLA-C*0305	N	P
6	31236533	C_306	HLA-C*0306	N	P
6	31236534	C_401	HLA-C*0401	N	P
6	31236535	C_403	HLA-C*0403	N	P
6	31236536	C_407	HLA-C*0407	N	.
6	31236537	C_501	HLA-C*0501	N	P
6	31236538	C_602	HLA-C*0602	N	P
6	31236539	C_701	HLA-C*0701	N	P
6	31236540	C_702	HLA-C*0702	N	P
6	31236541	C_704	HLA-C*0704	N	P
6	31236542	C_726	HLA-C*0726	N	P
6	31236543	C_801	HLA-C*0801	N	P
6	31236544	C_802	HLA-C*0802	N	P
6	31236545	C_804	HLA-C*0804	N	P
6	31236546	C_1202	HLA-C*1202	N	P
6	31236547	C_1203	HLA-C*1203	N	P
6	31236548	C_1402	HLA-C*1402	N	P
6	31236549	C_1403	HLA-C*1403	N	P
6	31236550	C_1502	HLA-C*1502	N	P
6	31236551	C_1504	HLA-C*1504	N	P
6	31236552	C_1505	HLA-C*1505	N	P
6	31236553	C_1601	HLA-C*1601	N	P
6	31236554	C_1602	HLA-C*1602	N	P
6	31236555	C_1604	HLA-C*1604	N	P
6	31236556	C_1701	HLA-C*1701	N	P
6	31236557	C_1801	HLA-C*1801	N	P
6	32485151	DRB5_101	HLA-DRB5*0101	N	P
6	32485152	DRB5_102	HLA-DRB5*0102	N	.
6	32485153	DRB5_202	HLA-DRB5*0202	N	P
6	32485154	DRB5_9901	HLA-DRB5*9901	P	N
6	3846047	DRB4_101	HLA-DRB4*0101	N	P
6	3846048	DRB4_103	HLA-DRB4*0103	N	P
6	3846049	DRB4_9901	HLA-DRB4*9901	P	N
6	3934127	DRB3_101	HLA-DRB3*0101	N	P
6	3934128	DRB3_202	HLA-DRB3*0202	N	P
6	3934129	DRB3_210	HLA-DRB3*0210	N	P
6	3934130	DRB3_224	HLA-DRB3*0224	N	P
6	3934131	DRB3_301	HLA-DRB3*0301	N	P
6	3934132	DRB3_9901	HLA-DRB3*9901	P	N
6	32546546	DRB1_101	HLA-DRB1*0101	N	P
6	32546547	DRB1_102	HLA-DRB1*0102	N	P
6	32546548	DRB1_103	HLA-DRB1*0103	N	P
6	32546549	DRB1_301	HLA-DRB1*0301	N	P
6	32546550	DRB1_302	HLA-DRB1*0302	N	P
6	32546551	DRB1_401	HLA-DRB1*0401	N	P
6	32546552	DRB1_402	HLA-DRB1*0402	N	P
6	32546553	DRB1_403	HLA-DRB1*0403	N	P
6	32546554	DRB1_404	HLA-DRB1*0404	N	P
6	32546555	DRB1_405	HLA-DRB1*0405	N	P
6	32546556	DRB1_406	HLA-DRB1*0406	N	P
6	32546557	DRB1_407	HLA-DRB1*0407	N	P
6	32546558	DRB1_408	HLA-DRB1*0408	N	P
6	32546559	DRB1_410	HLA-DRB1*0410	N	P
6	32546560	DRB1_411	HLA-DRB1*0411	N	P
6	32546561	DRB1_701	HLA-DRB1*0701	N	P
6	32546562	DRB1_801	HLA-DRB1*0801	N	P
6	32546563	DRB1_802	HLA-DRB1*0802	N	P
6	32546564	DRB1_803	HLA-DRB1*0803	N	P
6	32546565	DRB1_804	HLA-DRB1*0804	N	P
6	32546566	DRB1_806	HLA-DRB1*0806	N	P
6	32546567	DRB1_807	HLA-DRB1*0807	N	P
6	32546568	DRB1_810	HLA-DRB1*0810	N	P
6	32546569	DRB1_811	HLA-DRB1*0811	N	P
6	32546570	DRB1_901	HLA-DRB1*0901	N	P
6	32546571	DRB1_1001	HLA-DRB1*1001	N	P
6	32546572	DRB1_1101	HLA-DRB1*1101	N	P
6	32546573	DRB1_1102	HLA-DRB1*1102	N	P
6	32546574	DRB1_1103	HLA-DRB1*1103	N	P
6	32546575	DRB1_1104	HLA-DRB1*1104	N	P
6	32546576	DRB1_1106	HLA-DRB1*1106	N	P
6	32546577	DRB1_1111	HLA-DRB1*1111	N	P
6	32546578	DRB1_1143	HLA-DRB1*1143	N	.
6	32546579	DRB1_1201	HLA-DRB1*1201	N	P
6	32546580	DRB1_1202	HLA-DRB1*1202	N	P
6	32546581	DRB1_1301	HLA-DRB1*1301	N	P
6	32546582	DRB1_1302	HLA-DRB1*1302	N	P
6	32546583	DRB1_1303	HLA-DRB1*1303	N	P
6	32546584	DRB1_1304	HLA-DRB1*1304	N	P
6	32546585	DRB1_1305	HLA-DRB1*1305	N	P
6	32546586	DRB1_1312	HLA-DRB1*1312	N	P
6	32546587	DRB1_1315	HLA-DRB1*1315	N	P
6	32546588	DRB1_1321	HLA-DRB1*1321	N	P
6	32546589	DRB1_1401	HLA-DRB1*1401	N	P
6	32546590	DRB1_1402	HLA-DRB1*1402	N	P
6	32546591	DRB1_1403	HLA-DRB1*1403	N	P
6	32546592	DRB1_1404	HLA-DRB1*1404	N	P
6	32546593	DRB1_1405	HLA-DRB1*1405	N	P
6	32546594	DRB1_1406	HLA-DRB1*1406	N	P
6	32546595	DRB1_1407	HLA-DRB1*1407	N	.
6	32546596	DRB1_1409	HLA-DRB1*1409	N	P
6	32546597	DRB1_1410	HLA-DRB1*1410	N	P
6	32546598	DRB1_1415	HLA-DRB1*1415	N	P
6	32546599	DRB1_1444	HLA-DRB1*1444	N	P
6	32546600	DRB1_1501	HLA-DRB1*1501	N	P
6	32546601	DRB1_1502	HLA-DRB1*1502	N	P
6	32546602	DRB1_1503	HLA-DRB1*1503	N	P
6	32546603	DRB1_1601	HLA-DRB1*1601	N	P
6	32546604	DRB1_1602	HLA-DRB1*1602	N	P
6	32627241	DQB1_201	HLA-DQB1*0201	N	P
6	32627242	DQB1_202	HLA-DQB1*0202	N	P
6	32627243	DQB1_301	HLA-DQB1*0301	N	P
6	32627244	DQB1_302	HLA-DQB1*0302	N	P
6	32627245	DQB1_303	HLA-DQB1*0303	N	P
6	32627246	DQB1_304	HLA-DQB1*0304	N	P
6	32627247	DQB1_401	HLA-DQB1*0401	N	P
6	32627248	DQB1_402	HLA-DQB1*0402	N	P
6	32627249	DQB1_501	HLA-DQB1*0501	N	P
6	32627250	DQB1_502	HLA-DQB1*0502	N	P
6	32627251	DQB1_503	HLA-DQB1*0503	N	P
6	32627252	DQB1_504	HLA-DQB1*0504	N	P
6	32627253	DQB1_601	HLA-DQB1*0601	N	P
6	32627254	DQB1_602	HLA-DQB1*0602	N	P
6	32627255	DQB1_603	HLA-DQB1*0603	N	P
6	32627256	DQB1_604	HLA-DQB1*0604	N	P
6	32627257	DQB1_605	HLA-DQB1*0605	N	P
6	32627258	DQB1_609	HLA-DQB1*0609	N	P
6	32605169	DQA1_101	HLA-DQA1*0101	N	P
6	32605170	DQA1_102	HLA-DQA1*0102	N	P
6	32605171	DQA1_103	HLA-DQA1*0103	N	P
6	32605172	DQA1_104	HLA-DQA1*0104	N	P
6	32605173	DQA1_201	HLA-DQA1*0201	N	P
6	32605174	DQA1_301	HLA-DQA1*0301	N	P
6	32605175	DQA1_302	HLA-DQA1*0302	N	P
6	32605176	DQA1_303	HLA-DQA1*0303	N	P
6	32605177	DQA1_401	HLA-DQA1*0401	N	P
6	32605178	DQA1_501	HLA-DQA1*0501	N	P
6	32605179	DQA1_503	HLA-DQA1*0503	N	P
6	32605180	DQA1_505	HLA-DQA1*0505	N	P
6	32605181	DQA1_509	HLA-DQA1*0509	N	P
6	32605182	DQA1_601	HLA-DQA1*0601	N	P
6	33043703	DPB1_101	HLA-DPB1*0101	N	P
6	33043704	DPB1_201	HLA-DPB1*0201	N	P
6	33043705	DPB1_202	HLA-DPB1*0202	N	P
6	33043706	DPB1_301	HLA-DPB1*0301	N	P
6	33043707	DPB1_401	HLA-DPB1*0401	N	P
6	33043708	DPB1_402	HLA-DPB1*0402	N	P
6	33043709	DPB1_501	HLA-DPB1*0501	N	P
6	33043710	DPB1_502	HLA-DPB1*0502	N	.
6	33043711	DPB1_601	HLA-DPB1*0601	N	P
6	33043712	DPB1_901	HLA-DPB1*0901	N	P
6	33043713	DPB1_902	HLA-DPB1*0902	N	P
6	33043714	DPB1_1001	HLA-DPB1*1001	N	P
6	33043715	DPB1_1101	HLA-DPB1*1101	N	P
6	33043716	DPB1_1301	HLA-DPB1*1301	N	P
6	33043717	DPB1_1401	HLA-DPB1*1401	N	P
6	33043718	DPB1_1501	HLA-DPB1*1501	N	P
6	33043719	DPB1_1601	HLA-DPB1*1601	N	P
6	33043720	DPB1_1701	HLA-DPB1*1701	N	P
6	33043721	DPB1_1801	HLA-DPB1*1801	N	P
6	33043722	DPB1_1901	HLA-DPB1*1901	N	P
6	33043723	DPB1_2001	HLA-DPB1*2001	N	P
6	33043724	DPB1_2101	HLA-DPB1*2101	N	P
6	33043725	DPB1_2201	HLA-DPB1*2201	N	.
6	33043726	DPB1_2301	HLA-DPB1*2301	N	P
6	33043727	DPB1_2601	HLA-DPB1*2601	N	P
6	33043728	DPB1_2801	HLA-DPB1*2801	N	P
6	33043729	DPB1_3001	HLA-DPB1*3001	N	P
6	33043730	DPB1_3101	HLA-DPB1*3101	N	P
6	33043731	DPB1_3301	HLA-DPB1*3301	N	P
6	33043732	DPB1_3401	HLA-DPB1*3401	N	P
6	33043733	DPB1_3501	HLA-DPB1*3501	N	.
6	33043734	DPB1_4001	HLA-DPB1*4001	N	P
6	33043735	DPB1_4501	HLA-DPB1*4501	N	.
6	33043736	DPB1_4801	HLA-DPB1*4801	N	.
6	33043737	DPB1_8101	HLA-DPB1*8101	N	.
6	33043738	DPB1_8501	HLA-DPB1*8501	N	P
6	33032346	DPA1_103	HLA-DPA1*0103	P	N
6	33032347	DPA1_104	HLA-DPA1*0104	N	P
6	33032348	DPA1_105	HLA-DPA1*0105	N	P
6	33032349	DPA1_107	HLA-DPA1*0107	N	.
6	33032350	DPA1_201	HLA-DPA1*0201	N	P
6	33032351	DPA1_202	HLA-DPA1*0202	N	P
6	33032352	DPA1_301	HLA-DPA1*0301	N	P
6	33032353	DPA1_401	HLA-DPA1*0401	N	P
