#trait_category	trait	trait_name	family	geno	covar	geno_covar	geno_delta	n_variables	WB_test_P
Anthropometry	INI50	Standing height	gaussian	0.177568623875511	0.537068493869824	0.718243311706106	0.181174817836282	51209	0
Anthropometry	INI20015	Sitting height	gaussian	0.127600041756379	0.432135699097232	0.56255094023205	0.130415241134817	36345	0
Anthropometry	INI23102	Whole body water mass	gaussian	0.0507623414097662	0.705286479670934	0.757828989857465	0.052542510186531	35046	0
Anthropometry	INI23129	Trunk fat-free mass	gaussian	0.0525329600259362	0.715657405679859	0.768414120412609	0.0527567147327507	34749	0
Anthropometry	INI23101	Whole body fat-free mass	gaussian	0.0522150920068452	0.708951758900459	0.760982567200416	0.0520308082999572	34486	0
Anthropometry	INI23130	Trunk pred. mass	gaussian	0.0515532818305585	0.722446507677747	0.773182513004887	0.0507360053271397	32685	0
Anthropometry	INI23106	Impedance of whole body	gaussian	0.0808878222699611	0.438439256195464	0.519150526787881	0.0807112705924166	32218	0
Anthropometry	INI23105	Basal metabolic rate	gaussian	0.059369019403928	0.629120409051701	0.689619574183145	0.0604991651314438	32154	0
Anthropometry	INI23114	Leg pred. mass (R)	gaussian	0.048120954127705	0.659459131296009	0.709113227088157	0.0496540957921478	32103	0
Anthropometry	INI23113	Leg fat-free mass (R)	gaussian	0.0496057065242747	0.648816860844366	0.699919363189509	0.0511025023451431	32046	0
Anthropometry	INI21002	Weight	gaussian	0.10577857728386	0.214999075563203	0.319737969212198	0.104738893648995	31222	0
Anthropometry	INI23118	Leg pred. mass (L)	gaussian	0.0489788213891143	0.653788141824858	0.703268002268287	0.0494798604434292	30421	0
Anthropometry	INI23117	Leg fat-free mass (L)	gaussian	0.0506431022716106	0.642890287587141	0.693904696558936	0.051014408971795	30340	0
Anthropometry	INI23107	Impedance of leg (R)	gaussian	0.107271731197532	0.190510614250448	0.295600202576742	0.105089588326294	30300	0
Anthropometry	INI23109	Impedance of arm (R)	gaussian	0.0541395667998467	0.521430076138701	0.575406987495779	0.0539769113570778	30140	0
Anthropometry	INI23128	Trunk fat mass	gaussian	0.108713553230316	0.00835904467595887	0.117097630433378	0.10873858575742	29233	0
Anthropometry	INI23108	Impedance of leg (L)	gaussian	0.106911404106026	0.178348729811307	0.283926911491186	0.105578181679879	28999	0
Anthropometry	INI23111	Leg fat % (R)	gaussian	0.0245396241734061	0.738492125905419	0.763658600346781	0.0251664744413619	28163	0
Anthropometry	INI23115	Leg fat % (L)	gaussian	0.0225700482774162	0.761070765372867	0.784582084584852	0.0235113192119855	28134	0
Anthropometry	INI23100	Whole body fat mass	gaussian	0.0989318997958428	0.0635631275663434	0.163115742543983	0.0995526149776399	27550	0
Anthropometry	INI23099	Body fat %	gaussian	0.0528217516600356	0.457374177978088	0.51233050567683	0.0549563276987422	27396	0
Anthropometry	INI21001	BMI	gaussian	0.110524970255154	0.0105412651015739	0.119986578379805	0.109445313278231	27126	0
Anthropometry	INI23110	Impedance of arm (L)	gaussian	0.0556290025437826	0.528160605458492	0.583792466404534	0.055631860946042	26740	0
Anthropometry	INI23127	Trunk fat %	gaussian	0.0750067534697317	0.191286832442274	0.267900383472121	0.0766135510298471	25651	0
Anthropometry	INI48	Waist circumference	gaussian	0.0664995460790043	0.223716367582415	0.290318194458614	0.0666018268761993	25538	0
Anthropometry	INI23123	Arm fat % (L)	gaussian	0.0484690327303685	0.462706774209763	0.51244131365934	0.0497345394495773	25266	0
Blood_assays	INI30080	Platelet count	gaussian	0.209870229317942	0.0581736296647104	0.266989374064509	0.208815744399799	24893	0
Anthropometry	INI49	Hip circumference	gaussian	0.0953644015970475	0.00103171880091382	0.096547964706971	0.0955162459060572	24605	0
Early_life_factors	QT_FC1001697	Comparative height size at age 10	gaussian	0.146124185846449	0.00207114486388919	0.147140640823238	0.145069495959348	24144	0
Blood_assays	INI30100	Mean platelet volume	gaussian	0.36023518482933	0.0017859710064211	0.361999835719411	0.36021386471299	24114	0
Anthropometry	INI23119	Arm fat % (R)	gaussian	0.0464832334092234	0.45992677680176	0.508122119224911	0.0481953424231513	23943	0
Anthropometry	INI23112	Leg fat mass (R)	gaussian	0.0615954523108747	0.31596830822994	0.378269538878401	0.0623012306484612	23565	0
Blood_assays	INI30770	IGF-1	gaussian	0.138007777765662	0.0670552309759862	0.205904749199972	0.138849518223986	22659	0
Blood_assays	INI30880	Urate	gaussian	0.104185698393576	0.27356592989189	0.378952267499405	0.105386337607514	18135	0
Health_and_medical_history	BIN_FC4006150	Vascular/heart problems diagnosed by doctor High BP	binomial	0.637909132008107	0.661186829269085	0.713454867255595	0.0522680379865093	14076	0
Disease_outcome	HC215	Hypertension	binomial	0.629077086938614	0.674286546743679	0.718794818447611	0.0445082717039326	13791	0
Hand_grip_strength	INI46	Hand grip strength (L)	gaussian	0.0144098811845706	0.562581379897973	0.57767633336235	0.0150949534643768	13767	0
Blood_assays	INI30200	Neutrophill %	gaussian	0.0793350384258547	0.00233693598397284	0.0817681114171273	0.0794311754331544	13703	0
Hand_grip_strength	INI47	Hand grip strength (R)	gaussian	0.0153081410424235	0.559857130984286	0.576421058008342	0.0165639270240566	12644	0
Lifestyle_and_environment	BIN_FC10020116	Never Smoker	binomial	0.586926807815016	0.584257624145009	0.620545367998749	0.0362877438537392	12310	0
Blood_assays	INI30830	SHBG	gaussian	0.108886735371322	0.160685386925791	0.268732081280854	0.108046694355063	11879	0
Blood_assays	INI30700	Creatinine	gaussian	0.0378081424060022	0.237376910013122	0.275207315581871	0.0378304055687495	11780	0
Blood_assays	INI30610	Alkaline phosphatase	gaussian	0.152044022387543	0.028156321212107	0.179772290172689	0.151615968960582	11319	0
Disease_outcome	HC932	TTE essential (primary hypertension)	binomial	0.608371072970355	0.69315360321616	0.723018830972737	0.0298652277565766	11276	0
Disease_outcome	HC273	Essential hypertension	binomial	0.601479116825244	0.697358006615133	0.723219741535666	0.0258617349205329	9400	0
Blood_assays	INI30190	Monocyte %	gaussian	0.0857376256902188	0.0421844323416407	0.127445620629621	0.0852611882879799	8762	0
Disease_outcome	HC700	TTE disorders of lipoprotein metabolism and other lipidaemias	binomial	0.617341396534781	0.701421840928034	0.733855159452025	0.0324333185239903	7845	0
Blood_assays	INI30620	Alanine aminotransferase	gaussian	0.0347655882555783	0.0660547771984733	0.101551628227876	0.0354968510294024	7477	0
Health_and_medical_history	BIN_FC5006152	Hayfever rhinitis or eczema diagnosed by doctor	binomial	0.62051883053692	0.580469007286878	0.644008595926084	0.0635395886392061	7313	0
Lifestyle_and_environment	BIN_FC1001747	Hair colour (natural, before greying) blonde	binomial	0.847539499690699	0.531478357307709	0.84931697747347	0.31783862016576	6970	0
Health_and_medical_history	BIN_FC10006152	Hayfever allergic rhinitis or eczema	binomial	0.609883741178103	0.583507689513263	0.637087136999019	0.0535794474857554	6755	0
Blood_assays	INI30890	Vitamin D	gaussian	0.0511077045756136	0.00876753080709114	0.059875491794181	0.0511079609870899	6421	0
Health_and_medical_history	BIN_FC4006152	Asthma diagnosed by doctor	binomial	0.642652590443828	0.552309557311487	0.650799807094715	0.0984902497832278	6139	0
Disease_outcome	HC269	High cholesterol	binomial	0.619717260771784	0.692635533121957	0.727681603938496	0.0350460708165395	5987	0
Blood_assays	INI30730	Gamma glutamyltransferase	gaussian	0.0389981993964936	0.0358570098411485	0.0746041704687946	0.0387471606276461	5701	0
Lifestyle_and_environment	BIN_FC4001747	Hair colour (natural, before greying) dark brown	binomial	0.775880428703904	0.521038327911918	0.776768966376043	0.255730638464125	5662	0
Disease_outcome	HC643	TTE other hypothyroidism	binomial	0.689622377055084	0.693313909993193	0.766544517226651	0.0732306072334573	4739	0
Disease_outcome	HC219	Hypothyroidism/myxoedema	binomial	0.689070474409782	0.695240734435627	0.768020338622785	0.0727796041871578	4535	0
Lifestyle_and_environment	BIN_FC10001727	Ease of skin tanning (Get very tanned)	binomial	0.717324002084464	0.582959170004989	0.737837356667926	0.154878186662937	4130	0
Lifestyle_and_environment	BIN_FC7001747	Hair colour (natural, before greying) brown	binomial	0.695111696281526	0.534322256167093	0.698817738157894	0.164495481990802	4024	0
Lifestyle_and_environment	BIN_FC40001727	Ease of skin tanning (Never tan, only burn)	binomial	0.740845549203017	0.560720252716414	0.746963549649026	0.186243296932612	3159	0
Blood_assays	INI30790	Lipoprotein A	gaussian	0.565491100601155	0.000286788701296443	0.567908499958372	0.567621711257076	2861	0
Lifestyle_and_environment	BIN_FC20001727	Ease of skin tanning (Get moderately tanned)	binomial	0.586610449480138	0.533764881359309	0.591153994375893	0.0573891130165847	2693	0
Lifestyle_and_environment	BIN_FC3001747	Hair colour (natural, before greying) light brown	binomial	0.634494557328661	0.527266390993236	0.637278466690998	0.110012075697762	2127	0
Blood_assays	INI30660	Direct bilirubin	gaussian	0.202210497421786	0.050264289200418	0.264582186826789	0.21431789762637	1737	0
Lifestyle_and_environment	BIN_FC5001747	Hair colour (natural, before greying) black	binomial	0.830538270498633	0.729390580766293	0.88608601520658	0.156695434440287	1649	0
Lifestyle_and_environment	BIN_FC2001747	Hair colour (natural, before greying) red	binomial	0.960680270800277	0.556372576473303	0.961397342520108	0.405024766046805	1621	0
Biomarkers	INI10030660	Direct bilirubin	gaussian	0.270868165495469	6.76797958235959e-06	0.271886643482505	0.271879875502922	1227	0
Lifestyle_and_environment	BIN_FC30001727	Ease of skin tanning (Get mildly or occasionally tanned)	binomial	0.618362452704007	0.570783245957033	0.638184456673863	0.06740121071683	958	0
Blood_assays	INI30840	Total bilirubin	gaussian	0.303222941211806	0.0625699143713568	0.366836191805486	0.304266277434129	458	0
Family_history	FH1065	High BP (FH)	binomial	0.583234188442164	0.52329533818207	0.586539121208479	0.0632437830264094	13862	1.99729913164252e-305
Disease_outcome	HC382	Asthma	binomial	0.616637645423535	0.534926002958426	0.620628357707193	0.0857023547487675	6430	1.31435979302836e-289
Disease_outcome	HC1581	AD asthma	binomial	0.616203051942273	0.535782182329419	0.620364319713072	0.0845821373836532	6425	1.19868951187911e-285
Disease_outcome	HC1036	TTE asthma	binomial	0.614893782430198	0.532351865394349	0.618388383239375	0.0860365178450253	8508	6.81389539243737e-283
Blood_assays	INI30750	Glycated haemoglobin (HbA1c)	gaussian	0.0678422232470218	0.0471178823742119	0.11503435522394	0.0679164728497283	10448	3.95282165552596e-282
Health_and_medical_history	BIN_FC9006152	Asthma	binomial	0.62249745816734	0.541259682871924	0.62860285818475	0.0873431753128263	5528	3.09890343317248e-281
Blood_assays	INI30710	C-reactive protein	gaussian	0.0239616039816726	0.00424551149184652	0.0280606987018841	0.0238151872100376	4441	2.13456647922052e-258
Blood_pressure	INI102	Pulse rate (AR)	gaussian	0.0634619523658995	0.0104088955953149	0.0738764290097298	0.063467533414415	14455	1.57037469654377e-255
Blood_assays	INI30870	Triglycerides	gaussian	0.108698435916183	0.0457404632617071	0.154406064120637	0.10866560085893	12058	2.81685820617943e-254
Lifestyle_and_environment	QT_FC1001558	Alcohol intake frequency.	gaussian	0.0173108503149043	0.0320398370674654	0.0492535910502027	0.0172137539827373	8353	1.39228210719538e-253
Medications	INI137	# of medications taken	gaussian	0.0155776488448267	0.0686245390523111	0.0842874987832319	0.0156629597309207	8085	5.71247482916144e-250
Lifestyle_and_environment	QT_FC1001190	Nap during day	gaussian	0.017365020680864	0.0433511494374571	0.0606093881652492	0.0172582387277921	10264	1.39219491599567e-231
Lifestyle_and_environment	QT_FC10001478	Salt added to food	gaussian	0.0164587655260101	0.00767495455822241	0.0234919288196357	0.0158169742614133	6651	1.92507014849058e-231
Blood_assays	INI30850	Testosterone	gaussian	0.0117539200639324	0.805833103378959	0.816910668529864	0.0110775651509045	6647	5.82074141841159e-229
Blood_assays	INI30650	Aspartate aminotransferase	gaussian	0.0251074488439302	0.030261700985647	0.055365419286594	0.0251037183009469	5729	9.46392363056038e-226
Anthropometry	INI23124	Arm fat mass (L)	gaussian	0.0772487935488883	0.0542521063518436	0.131407681745601	0.0771555753937571	23676	1.15360763854044e-218
cancer	cancer1060	Non-melanoma skin cancer	binomial	0.642093500882945	0.65869059264366	0.707061703239697	0.0483711105960379	1610	2.14018975818375e-218
Spirometry	INI3064	PEF	gaussian	0.0184224570943011	0.358215538815555	0.37677942685463	0.0185638880390752	9523	3.94144229138818e-213
cancer	cancer1003	Skin cancer	binomial	0.632885404835193	0.648918850730329	0.693999180952517	0.0450803302221877	1298	2.13730706367973e-212
Blood_assays	INI30260	Mean reticulocyte volume	gaussian	0.146308864765084	0.0110048001030736	0.156742584057367	0.145737783954294	13277	2.05670357281425e-207
Disease_outcome	HC221	Diabetes	binomial	0.631122528396893	0.650468581380118	0.695528324376453	0.0450597429963353	4053	2.35689296337891e-204
Lifestyle_and_environment	BIN_FC10001757	Facial ageing (Younger than you are)	binomial	0.577530863414808	0.572932713865581	0.606897554228484	0.0339648403629025	7676	6.35580259740245e-200
Blood_assays	INI30210	Eosinophill %	gaussian	0.0959355686425432	0.0079263948850484	0.103662661587445	0.0957362667023961	12563	1.67178202485928e-196
Disease_outcome	HC1159	TTE psoriasis	binomial	0.672900556503685	0.534927643833147	0.676057739248775	0.141130095415628	578	2.30498794801981e-194
Health_and_medical_history	QT_FC1002178	Overall health rating	gaussian	0.0206190649710172	0.00654975149454548	0.0263487938462596	0.0197990423517141	10464	5.23914160792434e-189
Disease_outcome	HC649	TTE non-insulin-dependent diabetes mellitus	binomial	0.633234018497026	0.665575191005157	0.707462720906898	0.0418875299017414	3496	1.24368182048115e-187
Anthropometry	INI23120	Arm fat mass (R)	gaussian	0.0796276130230439	0.056203416460457	0.135906560586181	0.0797031441257236	23528	3.34359369920753e-187
Blood_assays	INI30000	White blood cell count	gaussian	0.0726387565453175	0.00239664382070131	0.0747920864118354	0.0723954425911341	13785	1.36954915891653e-184
Family_history	FH1220	Diabetes (FH)	binomial	0.572834459503668	0.513534140884333	0.573903489094941	0.0603693482106081	2515	3.35509406586723e-180
Blood_assays	INI30050	Mean corpuscular haemoglobin	gaussian	0.170302572867056	0.0196215565130266	0.187978662700528	0.168357106187501	13003	8.72754242977097e-174
Medical_conditions	INI135	# of self-reported non-cancer illnesses	gaussian	0.0106287747573664	0.051208136718555	0.0618981958539982	0.0106900591354432	5212	7.13260951967285e-169
Psychosocial_factors	BIN1980	Worrier / anxious feelings	binomial	0.559719748377256	0.590723809346606	0.616589674623648	0.0258658652770418	9747	4.31643299473875e-164
Disease_outcome	HC303	Malabsorption/coeliac disease	binomial	0.828668877494491	0.574472822196577	0.83414806963856	0.259675247441982	428	5.99283828578375e-163
Blood_assays	INI30140	Neutrophill count	gaussian	0.0893478460962615	0.00205492770482439	0.0912558260083923	0.0892008983035679	15578	1.43095674717891e-159
Disease_outcome	HC1215	TTE gout	binomial	0.653887442487855	0.754097091214284	0.792288483737409	0.038191392523125	1796	7.42439474393752e-155
Blood_pressure	INI4080	Systolic BP (AR)	gaussian	0.0483448137846377	0.12393462551234	0.172497634620338	0.0485630091079984	15481	1.18769349334248e-153
Blood_assays	INI30030	Haematocrit %	gaussian	0.0654356944591989	0.326080217813439	0.391177410729854	0.065097192916415	15721	2.01788824467066e-149
Lifestyle_and_environment	BIN_FC40001249	Past tobacco smoking (Smoked at least once)	binomial	0.559378984587383	0.574368137885417	0.595411011877157	0.0210428739917402	6169	2.84340942673522e-146
Biomarkers	INI10030840	Total bilirubin	gaussian	0.356072105535188	1.62751501746471e-05	0.356213871967347	0.356197596817172	544	2.10458833925229e-145
Blood_assays	INI30690	Cholesterol	gaussian	0.0942617645021721	0.035569288754495	0.129147176490707	0.0935778877362125	7517	3.8597928452247e-145
Disease_outcome	HC38	Psoriasis	binomial	0.691575319382725	0.55271977228207	0.698625794334392	0.145906022052322	204	7.30434277431325e-145
Blood_assays	INI30040	Mean corpuscular volume	gaussian	0.200214798496838	0.0159591710358154	0.214490201329375	0.19853103029356	17311	9.51532755966589e-145
Lifestyle_and_environment	QT_FC1001170	Getting up in morning	gaussian	0.0110988515924419	0.055557154040711	0.0664557738502553	0.0108986198095442	7743	1.1676193602772e-142
Lifestyle_and_environment	INI2237	Freq. of playing computer games	gaussian	0.0108925972089092	0.00513903489671591	0.0158881213767991	0.0107490864800832	5774	1.18652818482625e-141
Disease_outcome	HC1125	TTE cholelithiasis	binomial	0.616322002916202	0.631979732627214	0.673066036846779	0.0410863042195651	970	3.67911719598924e-141
Early_life_factors	QT_FC1001687	Comparative body size at age 10	gaussian	0.0552675519781487	0.00443175111823472	0.0603583756881126	0.0559266245698779	13034	5.20685792053074e-136
Anthropometry	INI23125	Arm fat-free mass (L)	gaussian	0.0454399438502843	0.687960332793529	0.732636881497288	0.0446765487037594	30360	1.98175907344609e-134
Disease_outcome	HC652	TTE unspecified diabetes mellitus	binomial	0.631017050631332	0.660288286688948	0.701286133197429	0.0409978465084803	2270	1.46054061569506e-133
Disease_outcome	HC964	TTE atrial fibrillation and flutter	binomial	0.610802281223241	0.7397367713902	0.763219584594678	0.0234828132044777	2142	8.55035132300444e-132
Lifestyle_and_environment	BIN_FC30001757	Facial ageing (About your age)	binomial	0.56224939315573	0.559607569419633	0.5865856913523	0.0269781219326669	6782	2.46715597007643e-129
Disease_outcome	HC188	Gallstones	binomial	0.617102047375081	0.629237441264625	0.671173511596941	0.0419360703323157	876	9.25686487800334e-129
Anthropometry	INI23126	Arm pred. mass (L)	gaussian	0.0438433118690715	0.682080270261284	0.72542922231027	0.0433489520489856	30666	2.8430548334029e-125
Biomarkers	INI10030730	Gamma glutamyltransferase	gaussian	0.138491705233724	6.38267087224845e-07	0.138514584220069	0.138513945952982	16280	5.91161229145745e-125
Blood_assays	INI30780	LDL direct	gaussian	0.101600101503108	0.00980981851279097	0.111175158510513	0.101365339997722	7318	1.62160779671643e-123
Disease_outcome	HC1132	TTE intestinal malabsorption	binomial	0.750845005881015	0.566745364602452	0.759058816746773	0.192313452144321	443	1.23063628746589e-121
Disease_outcome	HC942	TTE chronic ischaemic heart disease	binomial	0.591988084681786	0.745965245272634	0.760331985372113	0.0143667400994794	2168	4.61988858056943e-121
Health_and_medical_history	BIN_FC1006149	Mouth ulcers	binomial	0.582110970454649	0.555766396096974	0.597296128013708	0.0415297319167341	1648	2.3128871268711e-120
Psychosocial_factors	BIN2000	Worry too long after embarrassment	binomial	0.550909785698868	0.582346185866216	0.599172616731594	0.0168264308653781	7714	2.3504549940776e-120
Disease_outcome	HC328	Gout	binomial	0.669080924297686	0.774449887020156	0.815378607054155	0.0409287200339986	880	6.52776937263261e-116
Anthropometry	INI23121	Arm fat-free mass (R)	gaussian	0.0408313470767048	0.716303899307832	0.756479964520324	0.0401760652124924	29063	1.92782066530655e-115
Blood_pressure	INI4079	Diastolic BP (AR)	gaussian	0.0458117877123807	0.0299408575311467	0.0751792103279841	0.0452383527968374	14103	1.25034884256851e-114
Disease_outcome	HC281	Atrial fibrillation	binomial	0.607274941181163	0.739255771891243	0.761179545906276	0.0219237740150329	2955	5.47968491259165e-114
Disease_outcome	HC1106	TTE diverticular disease of intestine	binomial	0.579403607305501	0.660068933198738	0.680061806928315	0.0199928737295764	5757	1.04802375573306e-110
Disease_outcome	HC440	Atrial flutter	binomial	0.608208903613001	0.741260203870224	0.763260823111423	0.0220006192411997	2087	1.20018787333727e-110
Family_history	FH1263	Alzheimer's/dementia (FH)	binomial	0.558273467892466	0.584547106313207	0.608936785912207	0.0243896795990002	139	1.22034635559452e-110
Lifestyle_and_environment	BIN1210	Snoring	binomial	0.549865076000364	0.610978608584954	0.629615975592552	0.0186373670075978	7407	5.72529373111176e-108
Blood_assays	INI30670	Urea	gaussian	0.0409442674213232	0.0750903181693765	0.115861020978444	0.0407707028090673	9808	1.75726569173833e-107
Bone-densitometry_of_heel	INI3147	Heel quantitative ultrasound index (QUI), direct entry	gaussian	0.141583186108444	0.0549170691215838	0.196942522831771	0.142025453710187	14311	1.57026938324058e-104
Anthropometry	INI23122	Arm pred. mass (R)	gaussian	0.0393220088411087	0.723201764731738	0.762342785401564	0.0391410206698251	28988	2.03621923288964e-104
Bone-densitometry_of_heel	INI3144	Heel Broadband ultrasound attenuation, direct entry	gaussian	0.118373312746514	0.0874484155996482	0.206495235174767	0.119046819575118	13735	1.24817698165676e-103
Lifestyle_and_environment	BIN_FC30001508	Coffee type: Ground coffee (include espresso, filter etc)	binomial	0.562688173658609	0.555149854580295	0.581688114389899	0.026538259809604	9694	8.64285277680268e-102
Health_and_medical_history	BIN_FC6006149	Dentures	binomial	0.559059721717182	0.717701987182498	0.724952332592977	0.0072503454104792	6042	7.22400002027443e-100
Lifestyle_and_environment	BIN_FC20020116	Previous Smoker	binomial	0.54770141872508	0.599993428385243	0.610469749181504	0.0104763207962616	4348	1.56897174926337e-99
Psychosocial_factors	BIN1950	Sensitivity / hurt feelings	binomial	0.5459326621434	0.604444059128578	0.620172857665841	0.0157287985372624	7922	6.60933399677632e-99
Disease_outcome	HC1242	TTE ankylosing spondylitis	binomial	0.734604057263818	0.619115817299026	0.750677483836821	0.131561666537795	10	1.12539898900087e-98
Lifestyle_and_environment	BIN_FC40002267	Use of sun/uv protection (Always)	binomial	0.556918206725645	0.619311241455453	0.63213313782561	0.0128218963701574	2594	1.95742758426466e-97
Lifestyle_and_environment	INI1528	Water intake	gaussian	0.00829960593136626	0.0291230936538762	0.0373533936805926	0.00823030002671633	4994	4.96100626434367e-97
Disease_outcome	HC990	TTE varicose veins of lower extremities	binomial	0.611432477130593	0.594633676628374	0.645532620780449	0.0508989441520746	2563	1.93233807997764e-96
Disease_outcome	HC422	Ankylosing spondylitis	binomial	0.726514767467367	0.610076488175632	0.74484578240457	0.134769294228938	10	2.51776920531978e-94
Biomarkers	INI10030850	Testosterone	gaussian	0.0303217128868621	1.02230297143032e-05	0.0302333362672966	0.0302231132375823	6250	3.13402363043808e-93
cancer	cancer1044	Prostate cancer	binomial	0.639782855651174	0.86968520017408	0.889043567763068	0.0193583675889877	948	6.23747262566169e-92
Health_and_medical_history	BIN_FC9006154	Paracetamol use self-reported	binomial	0.555143023003503	0.584786891973503	0.600654795600317	0.0158679036268135	4673	1.01800172865007e-86
Lifestyle_and_environment	INI1458	Cereal intake	gaussian	0.00669548663357401	0.0137104024208512	0.0200364659971536	0.0063260635763024	4882	4.68122486102929e-86
Disease_outcome	HC1021	TTE vasomotor and allergic rhinitis	binomial	0.569976789365846	0.569448450984738	0.598331020259035	0.0288825692742966	1910	1.00350279482089e-83
Lifestyle_and_environment	INI1498	Coffee intake	gaussian	0.00833207728899604	0.00633225973262386	0.0148936329173494	0.0085613731847255	3154	5.88385480580783e-83
Lifestyle_and_environment	INI924	Usual walking pace	gaussian	0.0127133274905932	0.0288683830737756	0.0414362335883818	0.0125678505146062	7535	7.53737683220317e-82
Disease_outcome	HC702	TTE disorders of porphyrin and bilirubin metabolism	binomial	0.886972453573146	0.622370286813707	0.905294547116047	0.28292426030234	5	1.07535067683852e-78
Lifestyle_and_environment	QT_FC1001329	Oily fish intake	gaussian	0.0083176507764247	0.0318165768630084	0.0399768019492279	0.00816022508621951	3925	2.76996482158965e-78
Lifestyle_and_environment	INI1488	Tea intake	gaussian	0.00697658544357871	0.00385903452426893	0.0107989095127866	0.00693987498851771	3119	6.56322863385414e-78
Disease_outcome	HC225	Cholecystitis	binomial	0.59436286081274	0.608546140803023	0.641683286946199	0.0331371461431755	391	2.83409841295463e-77
Blood_assays	INI30070	Red blood cell distribution width	gaussian	0.0794494354146188	0.00579000162295924	0.0854259263663354	0.0796359247433761	10179	4.7942807125288e-77
Disease_outcome	HC882	TTE glaucoma	binomial	0.619942524350852	0.667741741458042	0.704165010578429	0.0364232691203873	2066	2.22401902087132e-74
Disease_outcome	HC987	TTE phlebitis and thrombophlebitis	binomial	0.589311288195981	0.603092815965407	0.641245340745679	0.0381525247802721	1143	5.71829998237464e-72
Disease_outcome	HC401	Varicose veins	binomial	0.607747641312342	0.580119335321902	0.63503255609351	0.0549132207716083	2603	4.22940442558057e-71
Spirometry	INI3062	FVC	gaussian	0.0493575795301623	0.465854641729556	0.513555933989371	0.0477012922598151	20921	1.9687790326211e-70
Disease_outcome	HC1094	TTE inguinal hernia	binomial	0.582012460234269	0.791294797749952	0.804742109957305	0.0134473122073532	3085	6.82290766682315e-70
Others	BIN10030820	Rheumatoid factor > 16 IU/mL	binomial	0.584067167042171	0.551267957776	0.600495695157528	0.049227737381528	456	2.25652024838251e-69
cancer	cancer1002	Breast cancer	binomial	0.596270022279085	0.788354550374398	0.809746098434689	0.0213915480602913	555	6.19061473985622e-69
Lifestyle_and_environment	BIN_FC10002267	Use of sun/uv protection (Never/rarely)	binomial	0.566276992471805	0.675662130152661	0.692793081493508	0.0171309513408471	1141	7.96737294731459e-69
Blood_assays	INI30240	Reticulocyte %	gaussian	0.0282632686982492	0.000968716577689033	0.029245987858333	0.028277271280644	6251	9.5741851776498e-69
Health_and_medical_history	BIN_FC3002247	Hearing difficulty and Deafness	binomial	0.542158548456138	0.618224012603773	0.625524866667527	0.00730085406375358	3731	5.20347315014148e-68
Lifestyle_and_environment	INI1309	Fresh fruit intake	gaussian	0.00619269567505295	0.0181150255721901	0.0243435860309156	0.00622856045872551	4257	8.74354801511935e-68
Disease_outcome	HC937	TTE angina pectoris	binomial	0.574937126885038	0.729697616909569	0.741183745379912	0.0114861284703425	2524	1.47446700936371e-67
Disease_outcome	HC689	TTE obesity	binomial	0.575731529414794	0.55856339027879	0.593868583985985	0.0353051937071957	9227	2.63487580541734e-67
Health_and_medical_history	BIN_FC1002247	Hearing difficulty	binomial	0.541746652715126	0.61827921485732	0.62554653643457	0.00726732157724941	3098	1.10094047962273e-66
Disease_outcome	HC624	TTE other coagulation defects	binomial	0.634024992449193	0.53334812009905	0.653548690426495	0.120200570327445	1	8.36748377385192e-66
Biomarkers	INI10030870	Triglycerides	gaussian	0.14062742508395	2.57535927261711e-06	0.140811862097681	0.140809286738408	13593	3.07061756666944e-64
Urine_assays	INI30510	Creatinine (enzymatic) in urine	gaussian	0.00437190122081983	0.10864456214291	0.112983486317157	0.00433892417424711	3164	9.66011899798615e-64
Disease_outcome	HC132	Angina	binomial	0.574345146990794	0.72976219370544	0.740944197653351	0.0111820039479107	2562	1.20524288542319e-63
Psychosocial_factors	BIN_FC20006160	Leisure/social activities (attend sports club or gym in once a week or more often)	binomial	0.546348332829707	0.524991335955741	0.55142072223964	0.0264293862838996	11361	9.6740912838375e-63
Disease_outcome	HC868	TTE iridocyclitis	binomial	0.633754032764999	0.553535582642196	0.660231498325444	0.106695915683248	1	7.09873993263102e-62
Disease_outcome	HC243	Inguinal hernia	binomial	0.582028727169446	0.793357090733834	0.80644149916948	0.013084408435646	1899	1.24192814653407e-61
Psychosocial_factors	BIN2040	Risk taking	binomial	0.539373187574417	0.62384256175524	0.630394141030127	0.0065515792748877	4299	2.15564616717339e-60
Health_and_medical_history	BIN_FC11006152	Blood clot or DVT diagnosed by doctor	binomial	0.591762251897011	0.582733859354581	0.626395731661571	0.0436618723069894	534	1.60878846319103e-58
Health_and_medical_history	BIN_FC12006152	Blood clot in the leg (DVT) or lung	binomial	0.589562684282396	0.59513909748595	0.634051837963222	0.0389127404772726	551	2.74162038167091e-57
Blood_assays	INI30010	Red blood cell count	gaussian	0.117837059640465	0.25657589928648	0.373602847984988	0.117026948698508	20480	5.58979177902233e-57
Disease_outcome	HC1574	AD myocardial infarction	binomial	0.585573198049257	0.74733531800982	0.758060002223663	0.010724684213843	1831	3.81812518717102e-56
Disease_outcome	HC1261	TTE fibroblastic disorders	binomial	0.576986517000223	0.589656006787409	0.615035472456603	0.0253794656691936	252	9.73549247873032e-56
Disease_outcome	HC326	Heart attack (MI)	binomial	0.584321412469583	0.746214407218386	0.756745886698362	0.0105314794799761	1788	1.19826474659079e-55
Psychosocial_factors	BIN2010	Suffer from 'nerves'	binomial	0.541603731980625	0.544074142310607	0.55996945066866	0.0158953083580525	3348	1.26856477440031e-54
Spirometry	INI3063	FEV1	gaussian	0.0441302581545703	0.462441800092126	0.507741588636848	0.0452997885447219	17732	8.36357134109345e-54
Health_and_medical_history	BIN_FC10002492	Taking other prescription medications	binomial	0.532393968816146	0.614503670992507	0.618525232742185	0.00402156174967738	1846	1.16528169202473e-53
Lifestyle_and_environment	INI1160	Sleep duration	gaussian	0.00798284329314665	0.0052474716107087	0.0130334185821886	0.00778594697147988	4106	5.18498500565139e-53
Bone-densitometry_of_heel	INI78	Heel bone mineral density (BMD) T-score, automated	gaussian	0.14158671447342	0.054917991575807	0.196947390691002	0.142029399115195	14310	5.21346926919838e-53
Lifestyle_and_environment	BIN_FC4006144	Never eat sugar	binomial	0.54068550762937	0.605470748812502	0.613806746797395	0.00833599798489304	2816	1.8311982229512e-52
Disease_outcome	HC703	TTE disorders of mineral metabolism	binomial	0.57842705919041	0.599734308408398	0.652094103695776	0.0523597952873777	2	1.09517319742893e-51
Disease_outcome	HC645	TTE thyrotoxicosis [hyperthyroidism]	binomial	0.633922161106623	0.663990950350016	0.711630087110487	0.0476391367604715	226	1.91624381947947e-51
Health_and_medical_history	BIN_FC1006150	Vascular/heart problems diagnosed by doctor Heart attack	binomial	0.600581010722463	0.809798548483241	0.820390829552412	0.0105922810691704	1030	5.0424191062508e-51
Biomarkers	INI10030790	Lipoprotein A	gaussian	0.516772655312839	1.71552136841547e-05	0.517868391374107	0.517851236160423	7148	6.27496254147582e-51
Lifestyle_and_environment	INI1438	Bread intake	gaussian	0.00329501501665764	0.0932929645640555	0.0964210018025573	0.00312803723850187	3483	1.17699192347912e-49
Health_and_medical_history	BIN_FC2006150	Vascular/heart problems diagnosed by doctor Angina	binomial	0.586827637472386	0.797390060385076	0.807136862327802	0.00974680194272559	1852	4.79620920949001e-49
Health_and_medical_history	BIN_FC1006152	DVT diagnosed by doctor	binomial	0.594370427859188	0.582427826095914	0.629171483381687	0.0467436572857736	1773	1.72856814880474e-48
Health_and_medical_history	BIN_FC6006152	Blood clot in the leg (DVT)	binomial	0.591711279078263	0.594592382475987	0.636441973812035	0.0418495913360484	1530	4.17406817716135e-48
Biomarkers	INI10030610	Alkaline phosphatase	gaussian	0.222900087243535	8.10178803989535e-07	0.22291037779597	0.222909567617166	16603	5.47503356280775e-48
Disease_outcome	HC166	DVT	binomial	0.592301896149166	0.593040519598613	0.635909310781645	0.0428687911830321	839	2.27299294604328e-47
Disease_outcome	HC938	TTE acute myocardial infarction	binomial	0.579767190958966	0.749693245004923	0.759316171159835	0.00962292615491211	1108	5.07491599204999e-47
Disease_outcome	HC310	Hiatus hernia	binomial	0.544177832069142	0.641186462760106	0.64792524945986	0.00673878669975436	2553	1.0497196310096e-45
Lifestyle_and_environment	QT_FC1001408	Cheese intake	gaussian	0.00852472500673883	0.0158392256807556	0.023125025726854	0.00728580004609835	6678	5.56664441686634e-45
Disease_outcome	HC49	Hayfever/allergic rhinitis	binomial	0.559698187412172	0.58116181727211	0.600398994568201	0.0192371772960906	349	7.18473158455365e-45
Disease_outcome	HC1102	TTE ulcerative colitis	binomial	0.638466570034943	0.525744222676568	0.638393945712013	0.112649723035445	809	1.53561380303122e-44
Disease_outcome	HC55	Hyperthyroidism/thyrotoxicosis	binomial	0.632302537241894	0.665285171669868	0.712351335375923	0.0470661637060554	69	2.26598761870087e-43
Disease_outcome	HC25	Cataract	binomial	0.554679684179517	0.731191084669334	0.73685030275519	0.00565921808585634	1214	9.29927643702583e-43
Disease_outcome	HC1212	TTE other rheumatoid arthritis	binomial	0.597841175823842	0.633176705049507	0.665586820390979	0.0324101153414714	323	2.02017949558631e-42
Disease_outcome	HC1024	TTE nasal polyp	binomial	0.625340016592402	0.63335457158842	0.675803854835829	0.0424492832474095	433	2.46268575600718e-42
Health_and_medical_history	BIN_FC10002986	Started insulin within one year diagnosis of diabetes	binomial	0.710855396499752	0.647540142070447	0.741747222227145	0.094207080156698	68	2.85909921775885e-42
Disease_outcome	HC430	Rheumatoid arthritis	binomial	0.60017682288943	0.634174602478708	0.665413549304468	0.03123894682576	175	3.57956537895385e-42
Disease_outcome	HC1190	TTE seborrhoeic keratosis	binomial	0.5624836886303	0.612657168599558	0.627685663609949	0.0150284950103907	1368	5.86830213786449e-42
Health_and_medical_history	BIN_FC1002306	Weight change compared with 1 year ago	binomial	0.52950216847653	0.57978409623658	0.584335537798114	0.00455144156153442	2638	8.45745829259659e-42
Disease_outcome	HC1222	TTE gonarthrosis [arthrosis of knee]	binomial	0.556545224618617	0.634588067028153	0.645036338580299	0.0104482715521461	4525	1.09410688175106e-41
Disease_outcome	HC276	Glaucoma	binomial	0.602608266599981	0.67946533820439	0.705072448087525	0.0256071098831355	655	1.57919641040946e-41
Bone-densitometry_of_heel	INI4120	Heel broadband ultrasound attenuation (R)	gaussian	0.100114339349941	0.105808932976079	0.207031179273017	0.101222246296938	7069	2.95922235120344e-41
Family_history	FH1044	Prostate cancer (FH)	binomial	0.547156886295466	0.572671560113841	0.584615901963143	0.0119443418493018	602	8.51952223659448e-41
Lifestyle_and_environment	QT_FC1001349	Processed meat intake	gaussian	0.00274967939591626	0.0832108973641771	0.086031989880875	0.00282109251669788	2346	1.42874586531403e-40
Biomarkers	INI20030640	Apolipoprotein B	gaussian	0.258878341750051	2.57468663596688e-08	0.258923740184106	0.258923714437239	17504	4.2511871114e-40
Eye_measures	INI5084	Spherical power (R)	gaussian	0.0951828605807238	0.0218086112533807	0.116648095630223	0.0948394843768419	7350	4.53072797923952e-40
Eye_measures	INI5085	Spherical power (L)	gaussian	0.0919436189070934	0.019236289216269	0.111112044499741	0.0918757552834715	6639	6.05861694348235e-40
Lifestyle_and_environment	INI1110	Length of mobile phone use	gaussian	0.00412902397329644	0.0672094034453646	0.0711218077908827	0.00391240434551812	4582	9.54113788978623e-40
Biomarkers	INI10030890	Vitamin D	gaussian	0.0535496685852027	1.42000284896194e-06	0.0535845242776172	0.0535831042747682	6982	1.24980421822947e-39
Disease_outcome	HC1322	TTE hyperplasia of prostate	binomial	0.557244936933445	0.876232263717786	0.880934858671641	0.00470259495385561	1223	5.02563323035562e-39
Lifestyle_and_environment	BIN_FC20001249	Past tobacco smoking (Smoked occasionally)	binomial	0.541377482289293	0.5196180757458	0.545127550733929	0.0255094749881289	2245	7.34565047801395e-39
Disease_outcome	HC1158	TTE other dermatitis	binomial	0.548892652854022	0.549986965343636	0.56705682810606	0.0170698627624236	242	1.0877513843393e-38
Bone-densitometry_of_heel	INI4123	Heel quantitative ultrasound index (QUI), direct entry (R)	gaussian	0.122660721012681	0.0691802443409755	0.193443418585542	0.124263174244566	9756	1.28320977537244e-38
Work_environment	BIN22126	Doctor diagnosed hayfever or allergic rhinitis	binomial	0.565020212880897	0.569503799837235	0.592002592727355	0.0224987928901206	466	5.56350932194732e-38
Bone-densitometry_of_heel	INI4101	Heel broadband ultrasound attenuation (L)	gaussian	0.0957467813321508	0.0957910996551487	0.192409516425959	0.0966184167708103	7688	7.36605865317023e-38
Disease_outcome	HC648	TTE insulin-dependent diabetes mellitus	binomial	0.626938273447582	0.58778113661545	0.657353423230223	0.0695722866147731	356	2.05446495473889e-37
Lifestyle_and_environment	INI1588	Ave. weekly beer plus cider intake	gaussian	0.00431289648171714	0.184687858527746	0.188447446617618	0.0037595880898722	2842	9.94732224658604e-37
Disease_outcome	HC1268	TTE osteoporosis without pathological fracture	binomial	0.574187380614548	0.767008240917628	0.774998637236627	0.00799039631899889	1270	3.39995730247003e-36
Bone-densitometry_of_heel	INI4104	Heel quantitative ultrasound index (QUI), direct entry (L)	gaussian	0.115888704385938	0.0626274241274326	0.179781950590009	0.117154526462576	9272	8.03695553809197e-36
Blood_assays	INI30110	Platelet distribution width	gaussian	0.205284203678571	0.0217112860968648	0.227423460768422	0.205712174671557	18814	8.55127667601955e-36
Disease_outcome	HC1184	TTE follicular cysts of skin and subcutaneous tissue	binomial	0.587610773839684	0.549053552419954	0.614407652939442	0.065354100519488	264	2.727889315498e-35
Disease_outcome	HC201	Ulcerative colitis	binomial	0.624520390358908	0.52296558645442	0.613390446326753	0.0904248598723325	179	3.88072598145246e-35
Others	BIN10030500	Microalbumin > 40 mg/L	binomial	0.547927750121214	0.600440451373864	0.611804187215824	0.0113637358419602	1097	6.97657813521923e-35
Disease_outcome	HC943	TTE PE	binomial	0.599961021323622	0.615217544389133	0.649207041638021	0.0339894972488881	88	1.98535173064059e-34
Health_and_medical_history	INI3761	Age hay fever, rhinitis or eczema diagnosed	gaussian	0.0125022887570861	0.10268710534964	0.115183122271413	0.0124960169217721	993	2.5501786010375e-34
Work_environment	BIN22127	Doctor diagnosed asthma	binomial	0.579228218302139	0.563481833281868	0.601245661812414	0.0377638285305461	435	2.55556947851117e-34
Health_and_medical_history	BIN_FC2006148	Eye problems/disorders Glaucoma	binomial	0.600012554035375	0.702286286022806	0.724461005644201	0.0221747196213954	1103	7.57428141561575e-33
Disease_outcome	HC203	PE +/- DVT	binomial	0.598117218092618	0.610489959399773	0.644608310801812	0.0341183514020383	96	3.23485450250224e-32
Digestive_health	BIN21068	Diagnosed with coeliac disease or gluten sensitivity	binomial	0.62888472687357	0.587069647257555	0.672353589191525	0.0852839419339694	9	5.37389624684839e-32
Disease_outcome	HC1171	TTE skin changes due to chronic exposure to nonionising radiation	binomial	0.563000696356128	0.67397304610183	0.684610170903599	0.010637124801769	169	1.14317177337983e-31
Biomarkers	INI10030620	Alanine aminotransferase	gaussian	0.066016793410524	1.16353464805354e-05	0.0660421091553376	0.066030473808857	9665	1.30182927532091e-31
Lifestyle_and_environment	INI1100	Drive faster than motorway speed limit	gaussian	0.00500861239129887	0.102766892392912	0.108162718981327	0.00539582658841496	5673	1.67378383275654e-31
Disease_outcome	HC708	TTE other metabolic disorders	binomial	0.623564674410165	0.49950444724119	0.596379042681207	0.0968745954400167	2	7.77534326014704e-30
Disease_outcome	HC807	TTE alzheimer's disease	binomial	0.712379632155712	0.819796055735374	0.866496039490619	0.0466999837552448	6	1.48813223614043e-29
Disease_outcome	HC1221	TTE coxarthrosis [arthrosis of hip]	binomial	0.561096771990858	0.681623777952541	0.690835123720705	0.00921134576816396	634	2.18235775347703e-29
Lifestyle_and_environment	INI2139	Age first had sexual intercourse	gaussian	0.0244989652657939	0.0467307999309275	0.0688040366660351	0.0220732367351076	9997	2.07133352182432e-28
Disease_outcome	HC1584	AD alzheimer's disease	binomial	0.723492995559344	0.815795374822495	0.868619187281382	0.0528238124588865	15	2.95786272231774e-28
Lifestyle_and_environment	INI1060	Outdoor time, winter	gaussian	0.00410237820062891	0.0413068279164306	0.0454579255102974	0.00415109759386681	2323	5.72391990828287e-28
Disease_outcome	HC1098	TTE diaphragmatic hernia	binomial	0.542062064902179	0.622458149000219	0.629922787742103	0.00746463874188375	1857	6.09790514337742e-28
Lifestyle_and_environment	BIN_FC30006164	Types of physical activity in last 4 weeks (other exercises)	binomial	0.553434041011044	0.579003070181071	0.590703278167962	0.0117002079868914	3846	6.66985776687907e-28
Blood_assays	INI30640	Apolipoprotein B	gaussian	0.141502641438391	0.00301916343669563	0.144657019119671	0.141637855682976	8134	8.54211975767401e-28
Disease_outcome	HC22	Osteoporosis	binomial	0.56839791899931	0.758493164892475	0.764395594969135	0.00590243007665969	316	1.73878661422257e-27
Biomarkers	INI30030650	AST to ALT ratio	gaussian	0.0839336565165081	5.52155337870776e-06	0.0838900936640356	0.0838845721106569	13625	1.82024430564389e-27
Psychosocial_factors	BIN_FC10006160	Leisure/social activities (attend any of the followings in once a week or more often: sports club, gym, pub, social club, religious group, adult edication class, or other group activity)	binomial	0.526634785385032	0.53001310017726	0.539414747185472	0.00940164700821211	2912	3.04335082411465e-27
Disease_outcome	HC1583	AD all cause dementia	binomial	0.627029645081842	0.792556355509747	0.815481483412933	0.022925127903186	6	3.70652744746525e-27
Lifestyle_and_environment	QT_FC1001220	Daytime dozing / sleeping (narcolepsy)	gaussian	0.00541864207474156	0.0175019135312999	0.0228294445420987	0.00532753101079879	4194	7.22025775951919e-27
Lifestyle_and_environment	BIN_FC6001747	Hair colour (natural, before greying) other	binomial	0.597727475763277	0.63064671054207	0.660386750300046	0.0297400397579758	21	1.7828761551571e-26
Disease_outcome	HC95	Inflammatory bowel disease	binomial	0.595860813599423	0.52591776669173	0.592829098800552	0.0669113321088219	195	5.76946530729359e-26
Disease_outcome	HC151	Multiple sclerosis	binomial	0.658560974959299	0.611375131478496	0.696882354168335	0.0855072226898396	41	9.5364120195163e-26
Disease_outcome	HC26	Iritis	binomial	0.785816205386956	0.568261853528254	0.816390517177267	0.248128663649013	1	8.41555166725419e-25
Disease_outcome	HC872	TTE other cataract	binomial	0.545926477511503	0.720312621722525	0.723871231173762	0.00355860945123698	480	9.09775988418189e-25
Disease_outcome	HC810	TTE multiple sclerosis	binomial	0.646882445620094	0.616533273451784	0.689607879100825	0.0730746056490408	36	2.11738911472747e-24
Blood_assays	INI30120	Lymphocyte count	gaussian	0.0207213707321995	0.00442269875949857	0.025025650062124	0.0206029513026255	4212	4.909955206522e-24
Lifestyle_and_environment	BIN_FC20001757	Facial ageing (Older than you are)	binomial	0.58021059276849	0.724452587024697	0.733457539300915	0.00900495227621834	39	7.68313780254165e-24
Lifestyle_and_environment	BIN_FC3006144	Never eat wheat	binomial	0.550774123642699	0.563644827843812	0.582328531025775	0.0186837031819628	5	1.51687962662531e-23
Disease_outcome	HC261	Eczema/dermatitis	binomial	0.555601040391546	0.544996198025371	0.570389016957268	0.0253928189318973	598	4.53059909082374e-23
Family_history	FH1002	Breast cancer (FH)	binomial	0.527004349893987	0.568771020229949	0.573904954945463	0.00513393471551427	195	1.30595427733391e-22
Lifestyle_and_environment	BIN_FC50001468	Cereal type: Other (e.g. Cornflakes, Frosties)	binomial	0.52827977161121	0.581324885049024	0.586480572827191	0.00515568777816655	1286	2.17886089504238e-22
Blood_assays	INI30600	Albumin	gaussian	0.0734990304469244	0.034902902928555	0.108230775411175	0.0733278724826196	10625	3.25091159562967e-22
Disease_outcome	HC156	Nasal polyps	binomial	0.586210538617044	0.6255737589356	0.64826767122705	0.0226939122914497	129	1.49434453849145e-21
Disease_outcome	HC1211	TTE seropositive rheumatoid arthritis	binomial	0.707198597002918	0.643606776113719	0.736327763481196	0.0927209873674775	3	1.84078669047167e-21
Lifestyle_and_environment	INI1737	Childhood sunburn	gaussian	0.00558024839744499	0.00404837246769087	0.0096569256075718	0.00560855313988094	519	6.2200987415486e-21
Blood_assays	INI30860	Total protein	gaussian	0.0948770977823515	0.00484985647223067	0.0997108700685188	0.0948610135962881	14660	7.92052380088599e-21
Disease_outcome	HC710	TTE dementia in alzheimer's disease	binomial	0.752734148785913	0.837636609993197	0.892008315390851	0.0543717053976542	26	8.38934621965131e-21
Mental_health	BIN_FC40020489	Often felt loved as a child	binomial	0.546451038680838	0.512381961642573	0.549159530212345	0.0367775685697715	7555	1.11971980100637e-20
Blood_assays	INI30130	Monocyte count	gaussian	0.0813790340643423	0.0379562585868904	0.11905765486002	0.0811013962731293	9323	1.43422153935878e-20
Lifestyle_and_environment	BIN_FC10001538	Major dietary changes in the last 5 years becuase of illness	binomial	0.532766365750074	0.568789149675764	0.575591277750681	0.00680212807491643	730	2.4196478812598e-20
Blood_assays	INI30290	High light scatter reticulocyte %	gaussian	0.0160019530155445	0.000583783899332226	0.0166452603251198	0.0160614764257876	7184	4.36416102278873e-20
Blood_assays	INI30760	HDL cholesterol	gaussian	0.167205265309865	0.171754947505756	0.337953380589065	0.166198433083308	20546	2.05192063530627e-19
Health_and_medical_history	BIN_FC3006152	Blood clot diagnosed by doctor	binomial	0.602742316931987	0.566217374220531	0.619136302006623	0.0529189277860913	118	3.77654546799714e-19
Disease_outcome	HC644	TTE other non-toxic goitre	binomial	0.600483044425464	0.693895258634052	0.725097054195583	0.0312017955615315	170	3.87406488565127e-19
Bone-densitometry_of_heel	INI4125	Heel bone mineral density (BMD) T-score, automated (R)	gaussian	0.122661870636266	0.0691812907732668	0.193445267698788	0.124263976925521	9753	4.99464293636762e-19
Biomarkers	INI10030770	IGF-1	gaussian	0.146074663727643	7.43494660749694e-07	0.146245259047965	0.146244515553304	20525	6.18509475910377e-19
Lifestyle_and_environment	QT_FC1001180	Morning/evening person (chronotype)	gaussian	0.0310148311623614	0.00998976472354528	0.040612246870461	0.0306224821469157	11428	1.11912753897681e-18
Lifestyle_and_environment	INI1548	Variation in diet	gaussian	0.00213385227655036	0.00588456371088985	0.00801454639449338	0.00212998268360353	1353	1.6650900150171e-18
Disease_outcome	HC713	TTE unspecified dementia	binomial	0.641488589930655	0.811839489166005	0.83525824235032	0.0234187531843153	9	2.63098828417978e-18
Health_and_medical_history	BIN_FC8006152	Blood clot in the lung	binomial	0.600340952574391	0.578815083368466	0.623725415970408	0.0449103326019427	94	4.15871574530691e-18
Disease_outcome	HC413	Genetic haematological disorder	binomial	0.698672870738366	0.474152328514528	0.681605215526269	0.207452887011741	30	7.32890351166119e-18
Disease_outcome	HC815	TTE migraine	binomial	0.540801584194099	0.642356677385049	0.648542634488391	0.00618595710334213	329	1.1931975803049e-17
Disease_outcome	HC1236	TTE other systemic involvement of connective tissue	binomial	0.593122101094037	0.703758623617779	0.718884437878022	0.0151258142602424	79	1.48077663427092e-17
Others	BIN30030510	UACR > 30 mg/g	binomial	0.543880674850861	0.591560187448935	0.599462693570457	0.00790250612152221	1040	1.79447651099704e-17
Disease_outcome	HC91	Psoriatic arthropathy	binomial	0.635669741951656	0.538402985630493	0.635807709073317	0.0974047234428236	36	2.13567592901572e-17
Bone-densitometry_of_heel	INI4106	Heel bone mineral density (BMD) T-score, automated (L)	gaussian	0.115888006700703	0.0626271723025604	0.179783540160681	0.11715636785812	9275	3.41183522358263e-17
Health_and_medical_history	BIN_FC7006154	Aspirin use self-reported	binomial	0.525322210145491	0.687910981585258	0.689743006519747	0.00183202493448897	790	3.62660201348151e-17
Bone-densitometry_of_heel	INI3143	Ankle spacing width	gaussian	0.106637781389768	0.25990718778597	0.366878279060154	0.106971091274185	21694	7.36926707421368e-17
Cognitive_function	INI20191	Fluid intelligence score	gaussian	0.0131261042737665	0.0226431983255148	0.0352014251841701	0.0125582268586553	3284	9.09540236557992e-17
cancer	cancer1059	Malignant melanoma	binomial	0.572062044293277	0.576197550496823	0.604097266885872	0.0278997163890492	116	1.23280644726706e-16
Psychosocial_factors	BIN2020	Loneliness, isolation	binomial	0.522880597270526	0.571448595273594	0.575054223928142	0.00360562865454761	660	2.8937254278853e-16
Lifestyle_and_environment	QT_FC1001369	Beef intake	gaussian	0.0017130514362605	0.0222426799722674	0.0238274520889152	0.00158477211664776	991	5.41512118218246e-16
cancer	cancer1038	Male genital tract cancer	binomial	0.580841142937881	0.845763497918454	0.853786790443759	0.00802329252530476	313	9.20727722793547e-16
Lifestyle_and_environment	INI2887	# of cigarettes previously smoked daily	gaussian	0.00613033106342728	0.0542541309050335	0.0608423671526153	0.00658823624758172	725	1.10736427585217e-15
Health_and_medical_history	BIN_FC8006154	Ibuprofen use self-reported	binomial	0.524055706790413	0.595229369429068	0.598292810677557	0.00306344124848956	419	1.55093329406349e-15
Anthropometry	INI3077	Seating box height (for the sitting height measurement)	gaussian	0.00220110833544418	0.06706193141678	0.0690501602994395	0.0019882288826595	2927	2.85677932583478e-15
Disease_outcome	HC96	Polymyalgia rheumatica	binomial	0.610256868800783	0.743825551735402	0.760347189916351	0.0165216381809488	69	3.02306496212779e-15
Health_and_medical_history	BIN_FC1006154	Aspirin	binomial	0.520692035156548	0.700846926276142	0.702149917912505	0.00130299163636327	499	1.12296486738991e-14
Disease_outcome	HC1304	TTE calculus of kidney and ureter	binomial	0.566809928784295	0.649676059144377	0.664550025596093	0.0148739664517166	341	1.90849148135041e-14
Others	BIN10030800	Oestradiol > 212 pmol/L	binomial	0.521033037286431	0.850856312203833	0.851442917895967	0.000586605692133535	351	5.92180114974282e-14
Disease_outcome	HC337	Type 1 diabetes	binomial	0.76543385869365	0.575753604931927	0.765618129821817	0.18986452488989	69	6.37857697518012e-14
Medical_conditions	INI134	# of self-reported cancers	gaussian	0.00078695610516693	0.0159298894290549	0.0167729815286482	0.000843092099593327	526	7.01294128876099e-14
Disease_outcome	HC639	TTE sarcoidosis	binomial	0.645610748851684	0.559927772131934	0.651465266758141	0.0915374946262074	22	1.40312587780826e-13
Biomarkers	INI10030650	Aspartate aminotransferase	gaussian	0.0727851471133258	4.02960091952911e-06	0.0727784364391771	0.0727744068382576	10612	1.40818588496219e-13
Blood_assays	BIN23066	JCV seropositivity for Human Polyomavirus JCV	binomial	0.620710253314832	0.545375764527909	0.62166826125941	0.0762924967315017	16	1.43390101039823e-13
Blood_assays	INI30150	Eosinophill count	gaussian	0.0939761010696834	0.00836875117179294	0.10199430302644	0.0936255518546474	12579	1.44569126591514e-13
Disease_outcome	HC530	TTE zoster [herpes zoster]	binomial	0.545580697204436	0.601201553831727	0.609124017627006	0.00792246379527906	82	2.21087543859964e-13
Lifestyle_and_environment	QT_FC1001359	Poultry intake	gaussian	0.0012385181390394	0.00536376214993456	0.00656156623786978	0.00119780408793522	1609	3.252712293407e-13
Early_life_factors	INI20022	Birth weight	gaussian	0.027407511492617	0.0246949942907133	0.0516312070178124	0.0269362127270991	6278	7.95494071556605e-13
Disease_outcome	HC1052	TTE other interstitial pulmonary diseases	binomial	0.593580620475556	0.735050359362059	0.749320485651156	0.0142701262890972	57	1.28555188804339e-12
Disease_outcome	HC1035	TTE other chronic obstructive pulmonary disease	binomial	0.546580821762598	0.686048686851453	0.691492757376549	0.00544407052509643	498	1.39628302972321e-12
Disease_outcome	HC1123	TTE other diseases of liver	binomial	0.553596563991773	0.560272330027857	0.58103209570395	0.0207597656760929	92	1.39789606617267e-12
Disease_outcome	HC1248	TTE other intervertebral disk disorders	binomial	0.53749612881557	0.525231469260345	0.540103651081989	0.0148721818216442	111	1.69448855912507e-12
Disease_outcome	HC86	Migraine	binomial	0.539592476101123	0.646387556253579	0.651146581559777	0.00475902530619754	25	2.09805393550005e-12
Lifestyle_and_environment	INI1120	Weekly usage of mobile phone in last 3 months	gaussian	0.00132635664358859	0.0871856947499123	0.0886415363029491	0.00145584155303684	1122	7.25264520475955e-12
Work_environment	BIN_FC30022506	Tobacco smoking ever vs no	binomial	0.529416523285187	0.594332926303516	0.598499763894364	0.00416683759084757	974	1.02481190910762e-11
Health_and_medical_history	QT_FC1002296	Falls in the last year	gaussian	0.00126289074436767	0.0101200741626856	0.0111818203960646	0.00106174623337896	2103	1.57834668439605e-11
Biomarkers	INI20030690	Cholesterol	gaussian	0.197176009863082	5.56687751848123e-06	0.197308651903705	0.197303085026186	14403	2.06728980261182e-11
Family_history	FH1113	Chronic bronchitis/emphysema (FH)	binomial	0.51589184277482	0.580188312988215	0.581486910392535	0.00129859740432037	1530	2.10379547362291e-11
Lifestyle_and_environment	INI1578	Ave. weekly champagne plus white wine intake	gaussian	0.000322016209015085	0.0216393045646017	0.0219523746164416	0.000313070051839899	213	2.12125874901042e-11
Blood_assays	INI23004	EBNA-1 antigen for Epstein-Barr Virus	gaussian	0.0714291113446001	0.000415229716264202	0.0633846968245741	0.0629694671083099	38	3.32994010702483e-11
Lifestyle_and_environment	BIN_FC30001418	Milk type: Skimmed	binomial	0.518676317913625	0.57644950141498	0.577723415318967	0.00127391390398723	116	6.53923232241224e-11
Biomarkers	INI10030700	Creatinine	gaussian	0.112462675414167	5.17362601653123e-07	0.112435684401138	0.112435167038536	20452	8.3177064434053e-11
Disease_outcome	HC170	Sarcoidosis	binomial	0.642817010459108	0.549780480007181	0.644392566161955	0.0946120861547736	12	9.10521896187076e-11
Biomarkers	INI10030760	HDL cholesterol	gaussian	0.210220568603051	4.67859354408255e-06	0.210231373038047	0.210226694444503	22304	1.27206311723364e-10
Disease_outcome	HC1582	AD chronic obstructive pulmonary disease	binomial	0.536398858868958	0.670916682176694	0.675359563074936	0.00444288089824207	569	1.2810055609325e-10
Biomarkers	INI10030720	Cystatin C	gaussian	0.155196334508096	1.93479721667879e-06	0.155197703991483	0.155195769194267	23460	2.24778908977389e-10
Health_and_medical_history	INI2966	Age high BP diagnosed	gaussian	0.00246927446366069	0.300938356119377	0.302393716291369	0.00145536017199144	370	2.33468251009835e-10
Disease_outcome	HC165	Type 2 diabetes	binomial	0.575918023633682	0.666311655745998	0.679816679027903	0.0135050232819051	385	2.62144327880739e-10
Biomarkers	INI10030830	SHBG	gaussian	0.192658805818789	6.32831760487409e-07	0.192759731966086	0.192759099134326	18225	3.67446677302102e-10
Health_and_medical_history	BIN_FC1006148	Eye problems/disorders Diabetic eye disease	binomial	0.578136341255862	0.680993988574189	0.698992724502923	0.0179987359287345	123	3.98101575980657e-10
Disease_outcome	HC866	TTE other disorders of cornea	binomial	0.581147100135525	0.576887143729853	0.601181783594242	0.0242946398643892	22	5.52125295014851e-10
Psychosocial_factors	QT_FC1002080	Freq. of tiredness / lethargy in last 2 weeks	gaussian	0.00699835795306312	0.0249147074175176	0.0313858303644179	0.00647112294690034	5594	5.98265216852182e-10
Disease_outcome	HC1302	TTE chronic renal failure	binomial	0.536227674478153	0.700459749546081	0.70325072238233	0.00279097283624863	158	6.17413973483759e-10
Disease_outcome	HC57	Fracture radius	binomial	0.556083336012761	0.639715367821856	0.648352482600957	0.00863711477910056	365	8.55890779998033e-10
Biomarkers	INI10030670	Urea	gaussian	0.0534198523325997	3.72425283656703e-06	0.0534318406722987	0.0534281164194621	10852	9.40040948924764e-10
Disease_outcome	HC881	TTE retinal disorders in diseases classified elsewhere	binomial	0.576642123776294	0.652219980145939	0.673314928424868	0.0210949482789297	185	1.59901974874373e-09
Lifestyle_and_environment	BIN_FC10001628	Alcohol intake versus 10 years previously (More nowadays)	binomial	0.518713888534824	0.576023534598048	0.577866657626115	0.00184312302806688	214	1.61900304691203e-09
Disease_outcome	HC608	TTE vitamin b12 deficiency anaemia	binomial	0.579716816427022	0.621090480609882	0.643334086193285	0.0222436055834035	121	1.64163972666486e-09
Disease_outcome	HC177	Dupuytren's contracture	binomial	0.664569064760646	0.702307212495418	0.746099402127611	0.0437921896321936	11	1.64583999487332e-09
Disease_outcome	HC78	Arthritis (nos)	binomial	0.526708793334763	0.647185139276234	0.6494344876274	0.00224934835116641	1028	1.66773241747753e-09
Lifestyle_and_environment	INI1289	Cooked vegetable intake	gaussian	0.00097485932373487	0.00967177789081497	0.01057332389044	0.000901545999625015	1085	1.7357471287097e-09
Urine_assays	INI30520	Potassium in urine	gaussian	0.000721230318251928	0.0206425140283644	0.0213329911819904	0.000690477153625978	213	2.20736614233937e-09
Disease_outcome	HC376	Osteoarthritis	binomial	0.521658353284654	0.672785240554676	0.674171853774065	0.00138661321938893	579	2.64705354061763e-09
Disease_outcome	HC61	Haemorrhoids / piles	binomial	0.5222993443353	0.559264969625212	0.562751057996668	0.00348608837145548	786	3.95845088151549e-09
Disease_outcome	HC442	Chronic obstructive airways disease/copd	binomial	0.53971236374639	0.694261280564633	0.698706003809726	0.00444472324509293	482	4.68900441340231e-09
Lifestyle_and_environment	QT_FC1001339	Non-oily fish intake	gaussian	0.000737239124620908	0.00852465752633066	0.00922051009783533	0.000695852571504663	309	4.9111284912673e-09
Bone-densitometry_of_heel	INI4100	Ankle spacing width (L)	gaussian	0.0927776332046166	0.254730843924822	0.344591816240733	0.0898609723159114	13416	6.27618779969216e-09
Disease_outcome	HC83	Fracture forearm / wrist	binomial	0.544785698621138	0.6090526482724	0.616189947007618	0.00713729873521829	45	7.32979502539243e-09
Blood_assays	INI30060	Mean corpuscular haemoglobin concentration	gaussian	0.0253407934402536	0.0130314053718627	0.0375934744222754	0.0245620690504127	2359	7.50177349005343e-09
Disease_outcome	HC262	Diverticular disease/diverticulitis	binomial	0.551861259678083	0.66641752955463	0.67494339363021	0.00852586407558009	368	8.11742750259108e-09
Biomarkers	INI20030780	LDL cholesterol	gaussian	0.214634011559562	3.36752752027505e-06	0.214709778053672	0.214706410526152	14936	1.3567577705587e-08
Disease_outcome	HC1101	TTE crohn's disease [regional enteritis]	binomial	0.571400727828258	0.491867960522899	0.562586339834806	0.0707183793119062	220	1.42715787704259e-08
Biomarkers	INI10030880	Urate	gaussian	0.15803747892607	6.11740913113408e-05	0.157961413627129	0.157900239535818	17598	1.46126315128168e-08
Diet_by_24-hour_recall	BIN100240	Coffee consumed	binomial	0.520020271908985	0.575523428277429	0.578173121791642	0.00264969351421296	48	1.79176911069976e-08
Blood_assays	INI23028	MC VP1 antigen for Merkel Cell Polyomavirus	gaussian	0.0493720708127417	0.00646602603569406	0.0543065778516969	0.0478405518160029	143	1.88944847180098e-08
Blood_assays	INI23027	JC VP1 antigen for Human Polyomavirus JCV	gaussian	0.0358510297959347	0.00561256247149873	0.0369819789103328	0.0313694164388341	9	4.27066816501916e-08
Lifestyle_and_environment	BIN_FC20001508	Coffee type: Instant coffee	binomial	0.513077400953859	0.555575645644337	0.55697120810747	0.00139556246313344	432	4.36096899529129e-08
Cognitive_function	INI20016	Fluid intelligence score	gaussian	0.0507250235164715	0.0157085108244295	0.0661721792101628	0.0504636683857333	10055	4.39270237220488e-08
Health_and_medical_history	BIN_FC2006154	Ibuprofen (e.g. Nurofen)	binomial	0.51542245509243	0.617522762564793	0.618542426417114	0.00101966385232133	174	4.54713693624336e-08
Biomarkers	INI10030500	Microalbumin in urine	gaussian	0.000813269123157033	0.000104581275895561	0.000188837492273258	8.42562163776973e-05	51	4.64600060341405e-08
Disease_outcome	HC534	TTE viral warts	binomial	0.530572023542042	0.553785748057717	0.56019832001185	0.00641257195413281	5	6.05320390684684e-08
Disease_outcome	HC914	TTE otosclerosis	binomial	0.63189710770876	0.595760953630136	0.654480804393942	0.0587198507638059	213	6.52610551603907e-08
Family_history	BIN_FC10001835	Mother still alive	binomial	0.50967685788579	0.80304665255089	0.803238025031242	0.000191372480352614	152	8.84825970088024e-08
Health_and_medical_history	BIN_FC5006148	Eye problems/disorders Macular degeneration	binomial	0.552828063609763	0.696838602499039	0.702521489583491	0.00568288708445131	53	9.66467318914281e-08
Biomarkers	INI10030510	Creatinine in urine	gaussian	0.00734250616128139	4.73325317075205e-06	0.0073281616156592	0.00732342836248845	4291	1.19881769395245e-07
cancer	cancer1045	Testicular cancer	binomial	0.629563910767564	0.808523196996963	0.839187375813902	0.0306641788169395	280	1.24831830680949e-07
Disease_outcome	HC322	Crohns disease	binomial	0.57326211816361	0.504366647908618	0.566584885385179	0.0622182374765604	257	1.49768969187209e-07
Disease_outcome	HC302	Retinal detachment	binomial	0.550789822535383	0.615394271110555	0.623919263552668	0.00852499244211291	321	1.56481608174523e-07
Disease_outcome	HC880	TTE other retinal disorders	binomial	0.53038317858452	0.673406540237276	0.675742237082764	0.00233569684548829	6	1.7632109226639e-07
Biomarkers	INI30030700	EGFR	gaussian	0.0817014747075742	3.0245035968481e-06	0.0816529295618588	0.0816499050582619	17436	1.97289244951258e-07
Disease_outcome	HC431	Emphysema	binomial	0.569105976615408	0.696001612175877	0.701857891943821	0.00585627976794412	42	2.13541707868346e-07
Blood_assays	INI30720	Cystatin C	gaussian	0.0854246883562705	0.125305546560755	0.213473350887914	0.0881678043271598	18218	3.0655959770362e-07
Diet_by_24-hour_recall	BIN100580	Alcohol consumed	binomial	0.517278055459907	0.565256862668339	0.568254441709964	0.0029975790416249	1028	3.10699361250085e-07
Psychosocial_factors	BIN_FC50006160	Leisure/social activities (attend adult edication class in once a week or more often)	binomial	0.521800035800231	0.631159420110864	0.633125981243961	0.00196656113309723	220	3.28999214900254e-07
Lifestyle_and_environment	INI1050	Time spend outdoors in summer	gaussian	0.0112891728310944	0.0460307123349128	0.0573413035579879	0.0113105912230751	5661	3.50044263678833e-07
Disease_outcome	HC176	Prolapsed disc/slipped disc	binomial	0.542251212950472	0.532210692524578	0.545373584744397	0.0131628922198191	47	3.81388988022333e-07
Health_and_medical_history	BIN_FC6006155	Vitamin B9 vs no supplement	binomial	0.528106595342748	0.589913249543995	0.594534716276244	0.00462146673224873	5	4.94646284772743e-07
Disease_outcome	HC31	Uterine fibroids	binomial	0.54273434890698	0.775822478554408	0.781326001173734	0.00550352261932596	161	5.07005653431941e-07
Disease_outcome	HC1228	TTE internal derangement of knee	binomial	0.52610577379714	0.565057855256023	0.571171773631002	0.00611391837497965	118	6.7141531535855e-07
Bone-densitometry_of_heel	INI4119	Ankle spacing width (R)	gaussian	0.0893620322481374	0.229360447547003	0.317392043168031	0.0880315956210277	15134	9.07121119013617e-07
Lifestyle_and_environment	BIN_FC20001468	Cereal type: Biscuit cereal (e.g. Weetabix)	binomial	0.514960057708792	0.54674549960353	0.548936734093686	0.00219123449015668	146	1.32850127570893e-06
Disease_outcome	HC321	Sjogren's syndrome/sicca syndrome	binomial	0.603032754853233	0.713661046988186	0.730071828404328	0.0164107814161419	7	1.56856747576376e-06
Disease_outcome	HC85	Enlarged prostate	binomial	0.54101569716039	0.87147004051071	0.87367232516	0.00220228464928951	449	1.69068856433339e-06
Disease_outcome	HC136	Connective tissue disorder	binomial	0.553439785564897	0.691863603362823	0.697498882454796	0.00563527909197303	16	1.69306755743996e-06
Biomarkers	INI10030530	Sodium in urine	gaussian	0.00920286241272205	1.50045051734205e-05	0.00920590731205167	0.00919090280687825	5217	1.71708830903372e-06
T1_structural_brain_MRI	INI25829	Vol. of grey matter in Intracalcarine Cortex (R)	gaussian	0.0472429590117459	0.0812650279543087	0.127135613616771	0.0458705856624624	2215	2.22890365020951e-06
Health_and_medical_history	BIN_FC18006155	Folic acid or folate (Vitamin B9)	binomial	0.525999200740865	0.572970826939064	0.577680030199474	0.00470920326040936	5	2.3998523199739e-06
Disease_outcome	HC1576	AD NSTEMI	binomial	0.540421983817245	0.716151701792539	0.720169501852777	0.00401780006023811	687	2.59595603428297e-06
Blood_assays	BIN23067	MCV seropositivity for Merkel Cell Polyomavirus	binomial	0.56616794786279	0.542785207378815	0.577437644202906	0.0346524368240915	3	3.6491925306865e-06
Lifestyle_and_environment	BIN_FC10002644	Light smokers, at least 100 smokes in lifetime	binomial	0.519368422771752	0.574426576976488	0.576976664100399	0.00255008712391125	11	3.93415442169452e-06
Lifestyle_and_environment	INI874	Duration of walks	gaussian	0.00069015882197435	0.00405267087926129	0.00452292381193584	0.000470252932674551	1323	4.25660367453736e-06
Disease_outcome	HC654	TTE other disorders of pancreatic internal secretion	binomial	0.556918742057483	0.616626398660966	0.632846178284634	0.0162197796236678	69	4.288811442438e-06
Lifestyle_and_environment	BIN_FC30002267	Use of sun/uv protection (Most of the time)	binomial	0.509741950968317	0.563287667700691	0.56405867241857	0.000771004717878721	110	4.68349781681271e-06
Disease_outcome	HC1209	TTE reactive arthropathies	binomial	0.661672725474194	0.603018522640408	0.682038726908554	0.0790202042681463	6	4.78606375751133e-06
Disease_outcome	HC84	Pulmonary fibrosis	binomial	0.575833707428577	0.751752997356259	0.75844755271669	0.00669455536043162	51	4.96413383172666e-06
Eye_measures	INI5255	Intra-ocular pressure, Goldmann-correlated (R)	gaussian	0.0448315242834881	0.00699469785134327	0.051783886566302	0.0447891887149587	3584	6.33235077811773e-06
Health_and_medical_history	BIN_FC2006179	Glucosamine	binomial	0.512062667089215	0.621743349196346	0.622345349290947	0.000602000094600763	324	7.34108530900473e-06
cancer	cancer1065	Thyroid cancer	binomial	0.618425871227705	0.602851521927709	0.637136600420567	0.0342850784928583	11	1.24349230544526e-05
Others	INI1003064	PEF pred. ratio	gaussian	0.0603370471253425	0.0418310291024118	0.101512784981309	0.0596817558788975	15135	1.28012566918996e-05
Others	INI1003063	FEV FVC ratio	gaussian	0.0603350723876314	0.0418311082533418	0.101511366611978	0.0596802583586361	15141	1.2804110642328e-05
Blood_assays	INI30740	Glucose	gaussian	0.014193578871912	0.0134013565738428	0.0275098358830356	0.0141084793091928	2223	1.45663174052294e-05
Lifestyle_and_environment	BIN_FC10001150	Usual side of head for mobile phone use (L)	binomial	0.510656231663082	0.53966862017384	0.541430498539818	0.00176187836597741	599	1.57018223311402e-05
Disease_outcome	HC1126	TTE cholecystitis	binomial	0.539540246317405	0.584427959179403	0.5937311306941	0.00930317151469739	5	1.64257686314131e-05
Disease_outcome	HC1020	TTE unspecified acute lower respiratory infection	binomial	0.515725870945251	0.579435947941375	0.580338951287481	0.000903003346106268	402	1.72228875872394e-05
T1_structural_brain_MRI	INI25867	Vol. of grey matter in Parietal Operculum Cortex (R)	gaussian	0.00738978227920639	0.146363645246654	0.153342256910907	0.00697861166425323	699	1.78802600055624e-05
T1_structural_brain_MRI	INI25003	Vol. of ventricular cerebrospinal fluid (normalised for head size)	gaussian	0.0163760413931364	0.238950632237964	0.257646581578783	0.0186959493408189	880	1.81627233247332e-05
Lifestyle_and_environment	BIN_FC40001448	Bread type: Other type of bread	binomial	0.518509719967081	0.562808039167888	0.568026679493437	0.00521864032554897	71	2.12809479145503e-05
Disease_outcome	HC711	TTE vascular dementia	binomial	0.613057388234486	0.818583313325809	0.825718103220271	0.0071347898944627	7	2.13978393135309e-05
cancer	cancer1041	Cervical cancer	binomial	0.547692173412656	0.758172147342273	0.767806357353374	0.00963421001110099	24	2.36427492963272e-05
Disease_outcome	HC878	TTE retinal detachments and breaks	binomial	0.53945342149952	0.618514120367681	0.623029494165938	0.00451537379825751	237	2.448785279659e-05
Disease_outcome	HC951	TTE nonrheumatic aortic valve disorders	binomial	0.546604792857019	0.718229182338867	0.721280736931093	0.00305155459222617	36	2.48065129375848e-05
